{
  "id": "Geodude Line Caverock",
  "spawnInfos": [
    {
      "spec": "species:Geodude form:alolan",
      "stringLocationTypes": [
        "Cave Rock"
      ],
      "minLevel": 2,
      "maxLevel": 15,
      "typeID": "pokemon",
      "condition": {
        "stringBiomes": [
          "mountainous",
          "freezing mountains",
          "savannas"
        ]
      },
      "rarity": 50
    },
    {
      "spec": "species:Graveler form:alolan",
      "stringLocationTypes": [
        "Cave Rock"
      ],
      "minLevel": 18,
      "maxLevel": 33,
      "typeID": "pokemon",
      "condition": {
        "stringBiomes": [
          "mountainous",
          "freezing mountains",
          "savannas"
        ]
      },
      "rarity": 5
    }
  ]
}