{
  "id": "Applin Headbutt",
  "spawnInfos": [
    {
      "spec": "species:Applin status:Sleep",
      "stringLocationTypes": [
        "Headbutt"
      ],
      "minLevel": 10,
      "maxLevel": 30,
      "typeID": "pokemon",
      "heldItems": [
        {
          "itemID": "pixelmon:tart_apple",
          "percentChance": 5
        },
        {
          "itemID": "pixelmon:sweet_apple",
          "percentChance": 5
        }
      ],
      "condition": {
        "times": [
          "DUSK",
          "NIGHT"
        ],
        "stringBiomes": [
          "forests",
          "roofed",
          "pixelmon:ultra_forest"
        ],
        "variant": [
          "oak",
          "sacred_oak",
          "dark_oak",
          "pixelmon:ultra_elm",
          "pixelmon:ultra_gingko"
        ]
      },
      "rarity": 40.0
    },
    {
      "spec": "species:Applin",
      "stringLocationTypes": [
        "Headbutt"
      ],
      "minLevel": 10,
      "maxLevel": 30,
      "typeID": "pokemon",
      "heldItems": [
        {
          "itemID": "pixelmon:tart_apple",
          "percentChance": 5
        },
        {
          "itemID": "pixelmon:sweet_apple",
          "percentChance": 5
        }
      ],
      "condition": {
        "times": [
          "DAWN",
          "DAY"
        ],
        "stringBiomes": [
          "forests",
          "roofed",
          "pixelmon:ultra_forest"
        ],
        "variant": [
          "oak",
          "sacred_oak",
          "dark_oak",
          "pixelmon:ultra_elm",
          "pixelmon:ultra_gingko"
        ]
      },
      "rarity": 40.0
    }
  ]
}