{
  "id": "Burmy Line Headbutt",
  "spawnInfos": [
    {
      "spec": "species:Burmy status:Sleep",
      "stringLocationTypes": [
        "Headbutt"
      ],
      "minLevel": 5,
      "maxLevel": 20,
      "typeID": "pokemon",
      "condition": {
        "times": [
          "NIGHT"
        ],
        "stringBiomes": [
          "forests",
          "roofed"
        ]
      },
      "rarity": 20.0
    },
    {
      "spec": "species:Burmy",
      "stringLocationTypes": [
        "Headbutt"
      ],
      "minLevel": 5,
      "maxLevel": 20,
      "typeID": "pokemon",
      "condition": {
        "times": [
          "DAWN",
          "DAY",
          "DUSK"
        ],
        "stringBiomes": [
          "forests",
          "roofed"
        ]
      },
      "rarity": 20.0
    },
    {
      "spec": "species:Wormadam status:Sleep",
      "stringLocationTypes": [
        "Headbutt"
      ],
      "minLevel": 20,
      "maxLevel": 35,
      "typeID": "pokemon",
      "condition": {
        "times": [
          "DUSK",
          "NIGHT"
        ],
        "stringBiomes": [
          "forests",
          "roofed"
        ]
      },
      "rarity": 1.0
    },
    {
      "spec": "species:Wormadam",
      "stringLocationTypes": [
        "Headbutt"
      ],
      "minLevel": 20,
      "maxLevel": 35,
      "typeID": "pokemon",
      "condition": {
        "times": [
          "DAWN",
          "DAY"
        ],
        "stringBiomes": [
          "forests",
          "roofed"
        ]
      },
      "rarity": 1.0
    },
    {
      "spec": "species:Mothim status:Sleep",
      "stringLocationTypes": [
        "Headbutt"
      ],
      "minLevel": 20,
      "maxLevel": 35,
      "typeID": "pokemon",
      "condition": {
        "times": [
          "DAWN",
          "DAY"
        ],
        "stringBiomes": [
          "taigas",
          "redwoods"
        ]
      },
      "rarity": 1.0
    },
    {
      "spec": "species:Mothim",
      "stringLocationTypes": [
        "Headbutt"
      ],
      "minLevel": 20,
      "maxLevel": 35,
      "typeID": "pokemon",
      "condition": {
        "times": [
          "DUSK",
          "NIGHT"
        ],
        "stringBiomes": [
          "taigas",
          "redwoods"
        ]
      },
      "rarity": 1.0
    }
  ]
}