{
  "id": "Chatot Headbutt",
  "spawnInfos": [
    {
      "spec": "species:Chatot status:Sleep",
      "stringLocationTypes": [
        "Headbutt"
      ],
      "minLevel": 15,
      "maxLevel": 30,
      "typeID": "pokemon",
      "condition": {
        "times": [
          "DAWN",
          "DAY"
        ],
        "stringBiomes": [
          "jungles",
          "pixelmon:ultra_jungle"
        ]
      },
      "rarity": 20.0
    },
    {
      "spec": "species:Chatot",
      "stringLocationTypes": [
        "Headbutt"
      ],
      "minLevel": 15,
      "maxLevel": 30,
      "typeID": "pokemon",
      "condition": {
        "times": [
          "DUSK",
          "NIGHT"
        ],
        "stringBiomes": [
          "jungles",
          "pixelmon:ultra_jungle"
        ]
      },
      "rarity": 20.0
    }
  ]
}