{
  "id": "Exeggcute Headbutt",
  "spawnInfos": [
    {
      "spec": "species:Exeggcute",
      "stringLocationTypes": [
        "Headbutt"
      ],
      "minLevel": 13,
      "maxLevel": 24,
      "typeID": "pokemon",
      "condition": {
        "times": [
          "DAWN",
          "DAY",
          "DUSK"
        ],
        "variant": [
          "jungle",
          "palm"
        ],
        "stringBiomes": [
          "jungles",
          "beaches"
        ]
      },
      "anticondition": {
        "stringBiomes": [
          "freezing"
        ]
      },
      "rarity": 60.0
    },
    {
      "spec": "species:Exeggcute status:Sleep",
      "stringLocationTypes": [
        "Headbutt"
      ],
      "minLevel": 13,
      "maxLevel": 24,
      "typeID": "pokemon",
      "condition": {
        "times": [
          "NIGHT"
        ],
        "variant": [
          "jungle",
          "palm"
        ],
        "stringBiomes": [
          "jungles",
          "beaches"
        ]
      },
      "anticondition": {
        "stringBiomes": [
          "freezing"
        ]
      },
      "rarity": 60.0
    }
  ]
}