{
  "id": "Heracross Headbutt",
  "spawnInfos": [
    {
      "spec": "species:Heracross status:Sleep",
      "stringLocationTypes": [
        "Headbutt"
      ],
      "minLevel": 21,
      "maxLevel": 34,
      "typeID": "pokemon",
      "condition": {
        "times": [
          "AFTERNOON",
          "NIGHT"
        ],
        "variant": [
          "spruce",
          "fir",
          "redwood",
          "pixelmon:ultra_elm",
          "pixelmon:ultra_gingko"
        ],
        "stringBiomes": [
          "taigas",
          "redwoods",
          "pixelmon:ultra_forest"
        ]
      },
      "rarity": 60.0
    },
    {
      "spec": "species:Heracross",
      "stringLocationTypes": [
        "Headbutt"
      ],
      "minLevel": 21,
      "maxLevel": 34,
      "typeID": "pokemon",
      "condition": {
        "times": [
          "DAWN",
          "MORNING",
          "DUSK"
        ],
        "variant": [
          "spruce",
          "fir",
          "redwood",
          "pixelmon:ultra_elm",
          "pixelmon:ultra_gingko"
        ],
        "stringBiomes": [
          "taigas",
          "redwoods",
          "pixelmon:ultra_forest"
        ]
      },
      "rarity": 60.0
    }
  ]
}