{
  "id": "Hoothoot Line Headbutt",
  "spawnInfos": [
    {
      "spec": "species:Hoothoot status:Sleep",
      "stringLocationTypes": [
        "Headbutt"
      ],
      "minLevel": 5,
      "maxLevel": 19,
      "typeID": "pokemon",
      "condition": {
        "times": [
          "DAWN",
          "DAY"
        ],
        "stringBiomes": [
          "all forests",
          "freezing forests",
          "magical",
          "biomesoplenty:tundra",
          "biomesoplenty:tundra_basin",
          "biomesoplenty:tundra_bog",
          "pixelmon:ultra_forest"
        ]
      },
      "rarity": 130.0
    },
    {
      "spec": "species:Hoothoot",
      "stringLocationTypes": [
        "Headbutt"
      ],
      "minLevel": 5,
      "maxLevel": 19,
      "typeID": "pokemon",
      "condition": {
        "times": [
          "DUSK",
          "NIGHT"
        ],
        "stringBiomes": [
          "all forests",
          "freezing forests",
          "magical",
          "biomesoplenty:tundra",
          "biomesoplenty:tundra_basin",
          "biomesoplenty:tundra_bog",
          "pixelmon:ultra_forest"
        ]
      },
      "rarity": 130.0
    },
    {
      "spec": "species:Noctowl status:Sleep",
      "stringLocationTypes": [
        "Headbutt"
      ],
      "minLevel": 26,
      "maxLevel": 34,
      "typeID": "pokemon",
      "condition": {
        "times": [
          "DAWN",
          "DAY"
        ],
        "stringBiomes": [
          "all forests",
          "freezing forests",
          "magical",
          "biomesoplenty:tundra",
          "biomesoplenty:tundra_basin",
          "biomesoplenty:tundra_bog",
          "pixelmon:ultra_forest"
        ]
      },
      "rarity": 0.5
    },
    {
      "spec": "species:Noctowl",
      "stringLocationTypes": [
        "Headbutt"
      ],
      "minLevel": 26,
      "maxLevel": 34,
      "typeID": "pokemon",
      "condition": {
        "times": [
          "DUSK",
          "NIGHT"
        ],
        "stringBiomes": [
          "all forests",
          "freezing forests",
          "magical",
          "biomesoplenty:tundra",
          "biomesoplenty:tundra_basin",
          "biomesoplenty:tundra_bog",
          "pixelmon:ultra_forest"
        ]
      },
      "rarity": 0.5
    }
  ]
}