{
  "id": "Komala Headbutt",
  "spawnInfos": [
    {
      "spec": "species:Komala status:Sleep",
      "stringLocationTypes": [
        "Headbutt"
      ],
      "minLevel": 15,
      "maxLevel": 30,
      "typeID": "pokemon",
      "condition": {
        "times": [
          "DAWN",
          "DAY"
        ],
        "stringBiomes": [
          "savannas"
        ]
      },
      "rarity": 50.0
    },
    {
      "spec": "species:Komala",
      "stringLocationTypes": [
        "Headbutt"
      ],
      "minLevel": 15,
      "maxLevel": 30,
      "typeID": "pokemon",
      "condition": {
        "times": [
          "DUSK",
          "NIGHT"
        ],
        "stringBiomes": [
          "savannas"
        ]
      },
      "rarity": 50.0
    }
  ]
}