{
  "id": "Mankey Line Headbutt",
  "spawnInfos": [
    {
      "spec": "species:Mankey",
      "stringLocationTypes": [
        "Headbutt"
      ],
      "minLevel": 3,
      "maxLevel": 10,
      "typeID": "pokemon",
      "condition": {
        "stringBiomes": [
          "jungles",
          "byg:crag_gardens"
        ]
      },
      "rarity": 130.0
    },
    {
      "spec": "species:Primeape",
      "stringLocationTypes": [
        "Headbutt"
      ],
      "minLevel": 25,
      "maxLevel": 35,
      "typeID": "pokemon",
      "condition": {
        "stringBiomes": [
          "jungles",
          "byg:crag_gardens",
          "pixelmon:ultra_jungle"
        ]
      },
      "rarity": 5.0
    }
  ]
}