{
  "id": "Pansage Line Headbutt",
  "spawnInfos": [
    {
      "spec": "species:Pansage",
      "stringLocationTypes": [
        "Headbutt"
      ],
      "minLevel": 3,
      "maxLevel": 10,
      "typeID": "pokemon",
      "condition": {
        "variant": [
          "jungle",
          "eucalyptus"
        ],
        "stringBiomes": [
          "jungles"
        ]
      },
      "rarity": 40.0
    },
    {
      "spec": "species:Simisage",
      "stringLocationTypes": [
        "Headbutt"
      ],
      "minLevel": 18,
      "maxLevel": 27,
      "typeID": "pokemon",
      "condition": {
        "variant": [
          "jungle",
          "eucalyptus",
          "pixelmon:ultra_jungle"
        ],
        "stringBiomes": [
          "jungles",
          "pixelmon:ultra_jungle"
        ]
      },
      "rarity": 5.0
    }
  ]
}