{
  "id": "Pidove Line Headbutt",
  "spawnInfos": [
    {
      "spec": "species:Pidove status:Sleep",
      "stringLocationTypes": [
        "Headbutt"
      ],
      "minLevel": 5,
      "maxLevel": 20,
      "typeID": "pokemon",
      "condition": {
        "times": [
          "DUSK",
          "NIGHT"
        ],
        "stringBiomes": [
          "plains",
          "minecraft:snowy_tundra",
          "biomesoplenty:tundra",
          "biomesoplenty:tundra_basin",
          "biomesoplenty:tundra_bog"
        ]
      },
      "rarity": 250.0
    },
    {
      "spec": "species:Pidove",
      "stringLocationTypes": [
        "Headbutt"
      ],
      "minLevel": 5,
      "maxLevel": 20,
      "typeID": "pokemon",
      "condition": {
        "times": [
          "DAWN",
          "DAY"
        ],
        "stringBiomes": [
          "plains",
          "minecraft:snowy_tundra",
          "biomesoplenty:tundra",
          "biomesoplenty:tundra_basin",
          "biomesoplenty:tundra_bog"
        ]
      },
      "rarity": 250.0
    },
    {
      "spec": "species:Tranquill status:Sleep",
      "stringLocationTypes": [
        "Headbutt"
      ],
      "minLevel": 22,
      "maxLevel": 32,
      "typeID": "pokemon",
      "condition": {
        "times": [
          "DUSK",
          "NIGHT"
        ],
        "stringBiomes": [
          "plains",
          "minecraft:snowy_tundra",
          "biomesoplenty:tundra",
          "biomesoplenty:tundra_basin",
          "biomesoplenty:tundra_bog"
        ]
      },
      "rarity": 100.0
    },
    {
      "spec": "species:Tranquill",
      "stringLocationTypes": [
        "Headbutt"
      ],
      "minLevel": 22,
      "maxLevel": 32,
      "typeID": "pokemon",
      "condition": {
        "times": [
          "DAWN",
          "DAY"
        ],
        "stringBiomes": [
          "plains",
          "minecraft:snowy_tundra",
          "biomesoplenty:tundra",
          "biomesoplenty:tundra_basin",
          "biomesoplenty:tundra_bog"
        ]
      },
      "rarity": 100.0
    }
  ]
}