{
  "id": "Pinsir Headbutt",
  "spawnInfos": [
    {
      "spec": "species:Pinsir status:Sleep",
      "stringLocationTypes": [
        "Headbutt"
      ],
      "minLevel": 21,
      "maxLevel": 34,
      "typeID": "pokemon",
      "condition": {
        "times": [
          "DAY"
        ],
        "variant": [
          "jungle",
          "oak",
          "pixelmon:ultra_jungle"
        ],
        "stringBiomes": [
          "jungles",
          "magical",
          "pixelmon:ultra_jungle"
        ]
      },
      "rarity": 15.0
    },
    {
      "spec": "species:Pinsir",
      "stringLocationTypes": [
        "Headbutt"
      ],
      "minLevel": 21,
      "maxLevel": 34,
      "typeID": "pokemon",
      "condition": {
        "times": [
          "DUSK",
          "NIGHT",
          "DAWN"
        ],
        "variant": [
          "jungle",
          "oak",
          "pixelmon:ultra_jungle"
        ],
        "stringBiomes": [
          "jungles",
          "magical",
          "pixelmon:ultra_jungle"
        ]
      },
      "rarity": 15.0
    }
  ]
}