{
  "id": "Rookidee Line Headbutt",
  "spawnInfos": [
    {
      "spec": "species:Rookidee status:Sleep",
      "stringLocationTypes": [
        "Headbutt"
      ],
      "minLevel": 5,
      "maxLevel": 17,
      "typeID": "pokemon",
      "condition": {
        "times": [
          "DAWN",
          "DAY"
        ],
        "stringBiomes": [
          "mountainous",
          "mountainous forests",
          "redwoods",
          "swamps",
          "biomesoplenty:burnt_forest"
        ]
      },
      "rarity": 250.0
    },
    {
      "spec": "species:Rookidee",
      "stringLocationTypes": [
        "Headbutt"
      ],
      "minLevel": 5,
      "maxLevel": 17,
      "typeID": "pokemon",
      "condition": {
        "times": [
          "DUSK",
          "NIGHT"
        ],
        "stringBiomes": [
          "mountainous",
          "mountainous forests",
          "redwoods",
          "swamps",
          "biomesoplenty:burnt_forest"
        ]
      },
      "rarity": 250.0
    },
    {
      "spec": "species:Corvisquire status:Sleep",
      "stringLocationTypes": [
        "Headbutt"
      ],
      "minLevel": 18,
      "maxLevel": 35,
      "typeID": "pokemon",
      "condition": {
        "times": [
          "DAWN",
          "DAY"
        ],
        "stringBiomes": [
          "mountainous",
          "mountainous forests",
          "redwoods",
          "swamps",
          "biomesoplenty:burnt_forest"
        ]
      },
      "rarity": 100.0
    },
    {
      "spec": "species:Corvisquire",
      "stringLocationTypes": [
        "Headbutt"
      ],
      "minLevel": 18,
      "maxLevel": 35,
      "typeID": "pokemon",
      "condition": {
        "times": [
          "DUSK",
          "NIGHT"
        ],
        "stringBiomes": [
          "mountainous",
          "mountainous forests",
          "redwoods",
          "swamps",
          "biomesoplenty:burnt_forest"
        ]
      },
      "rarity": 100.0
    }
  ]
}