{
  "id": "Rufflet Headbutt",
  "spawnInfos": [
    {
      "spec": "species:Rufflet status:Sleep",
      "stringLocationTypes": [
        "Headbutt"
      ],
      "minLevel": 15,
      "maxLevel": 30,
      "typeID": "pokemon",
      "condition": {
        "times": [
          "DUSK",
          "NIGHT"
        ],
        "stringBiomes": [
          "mountainous",
          "mountainous forests",
          "freezing forests"
        ]
      },
      "rarity": 70.0
    },
    {
      "spec": "species:Rufflet",
      "stringLocationTypes": [
        "Headbutt"
      ],
      "minLevel": 15,
      "maxLevel": 30,
      "typeID": "pokemon",
      "condition": {
        "times": [
          "DAWN",
          "DAY"
        ],
        "stringBiomes": [
          "mountainous",
          "mountainous forests",
          "freezing forests"
        ]
      },
      "rarity": 70.0
    }
  ]
}