{
  "id": "Scatterbug Line Headbutt",
  "spawnInfos": [
    {
      "spec": "species:Scatterbug status:Sleep",
      "stringLocationTypes": [
        "Headbutt"
      ],
      "minLevel": 1,
      "maxLevel": 8,
      "typeID": "pokemon",
      "condition": {
        "times": [
          "DUSK",
          "NIGHT"
        ],
        "stringBiomes": [
          "birches",
          "freezing forests",
          "magical"
        ]
      },
      "rarity": 130.0
    },
    {
      "spec": "species:Scatterbug",
      "stringLocationTypes": [
        "Headbutt"
      ],
      "minLevel": 1,
      "maxLevel": 8,
      "typeID": "pokemon",
      "condition": {
        "times": [
          "DAWN",
          "DAY"
        ],
        "stringBiomes": [
          "birches",
          "freezing forests",
          "magical"
        ]
      },
      "rarity": 130.0
    },
    {
      "spec": "species:Spewpa status:Sleep",
      "stringLocationTypes": [
        "Headbutt"
      ],
      "minLevel": 9,
      "maxLevel": 12,
      "typeID": "pokemon",
      "condition": {
        "times": [
          "DUSK",
          "NIGHT"
        ],
        "stringBiomes": [
          "birches",
          "freezing forests",
          "magical"
        ]
      },
      "rarity": 40.0
    },
    {
      "spec": "species:Spewpa",
      "stringLocationTypes": [
        "Headbutt"
      ],
      "minLevel": 9,
      "maxLevel": 12,
      "typeID": "pokemon",
      "condition": {
        "times": [
          "DAWN",
          "DAY"
        ],
        "stringBiomes": [
          "birches",
          "freezing forests",
          "magical"
        ]
      },
      "rarity": 40.0
    }
  ]
}