{
  "id": "Sizzlipede Line Headbutt",
  "spawnInfos": [
    {
      "spec": "species:Sizzlipede",
      "stringLocationTypes": [
        "Headbutt"
      ],
      "minLevel": 10,
      "maxLevel": 25,
      "typeID": "pokemon",
      "condition": {
        "times": [
          "DUSK",
          "NIGHT"
        ],
        "stringBiomes": [
          "arid",
          "mesas",
          "biomesoplenty:burnt_forest"
        ]
      },
      "rarity": 80.0
    },
    {
      "spec": "species:Sizzlipede status:Sleep",
      "stringLocationTypes": [
        "Headbutt"
      ],
      "minLevel": 10,
      "maxLevel": 25,
      "typeID": "pokemon",
      "condition": {
        "times": [
          "DAWN",
          "DAY"
        ],
        "stringBiomes": [
          "arid",
          "mesas",
          "biomesoplenty:burnt_forest"
        ]
      },
      "rarity": 80.0
    },
    {
      "spec": "species:Centiskorch",
      "stringLocationTypes": [
        "Headbutt"
      ],
      "minLevel": 30,
      "maxLevel": 45,
      "typeID": "pokemon",
      "condition": {
        "times": [
          "DUSK",
          "NIGHT"
        ],
        "stringBiomes": [
          "arid",
          "mesas",
          "biomesoplenty:burnt_forest"
        ]
      },
      "rarity": 3.0
    },
    {
      "spec": "species:Centiskorch status:Sleep",
      "stringLocationTypes": [
        "Headbutt"
      ],
      "minLevel": 30,
      "maxLevel": 45,
      "typeID": "pokemon",
      "condition": {
        "times": [
          "DAWN",
          "DAY"
        ],
        "stringBiomes": [
          "arid",
          "mesas",
          "biomesoplenty:burnt_forest"
        ]
      },
      "rarity": 3.0
    }
  ]
}