{
  "id": "Skorupi Headbutt",
  "spawnInfos": [
    {
      "spec": "species:Skorupi",
      "stringLocationTypes": [
        "Headbutt"
      ],
      "minLevel": 5,
      "maxLevel": 25,
      "typeID": "pokemon",
      "heldItems": [
        {
          "itemID": "pixelmon:poison_barb",
          "percentChance": 5
        }
      ],
      "condition": {
        "times": [
          "DUSK",
          "NIGHT"
        ],
        "stringBiomes": [
          "arid",
          "swamps",
          "mesas"
        ]
      },
      "rarity": 100.0
    },
    {
      "spec": "species:Skorupi status:Sleep",
      "stringLocationTypes": [
        "Headbutt"
      ],
      "minLevel": 5,
      "maxLevel": 25,
      "typeID": "pokemon",
      "heldItems": [
        {
          "itemID": "pixelmon:poison_barb",
          "percentChance": 5
        }
      ],
      "condition": {
        "times": [
          "DAWN",
          "DAY"
        ],
        "stringBiomes": [
          "arid",
          "swamps",
          "mesas"
        ]
      },
      "rarity": 100.0
    },
    {
      "spec": "species:Drapion",
      "stringLocationTypes": [
        "Headbutt"
      ],
      "minLevel": 40,
      "maxLevel": 55,
      "typeID": "pokemon",
      "heldItems": [
        {
          "itemID": "pixelmon:poison_barb",
          "percentChance": 5
        }
      ],
      "condition": {
        "times": [
          "DUSK",
          "NIGHT"
        ],
        "stringBiomes": [
          "arid",
          "swamps",
          "mesas"
        ]
      },
      "rarity": 5.0
    },
    {
      "spec": "species:Drapion status:Sleep",
      "stringLocationTypes": [
        "Headbutt"
      ],
      "minLevel": 40,
      "maxLevel": 55,
      "typeID": "pokemon",
      "heldItems": [
        {
          "itemID": "pixelmon:poison_barb",
          "percentChance": 5
        }
      ],
      "condition": {
        "times": [
          "DAWN",
          "DAY"
        ],
        "stringBiomes": [
          "arid",
          "swamps",
          "mesas"
        ]
      },
      "rarity": 5.0
    }
  ]
}