{
  "id": "Slakoth Headbutt",
  "spawnInfos": [
    {
      "spec": "species:Slakoth status:Sleep",
      "stringLocationTypes": [
        "Headbutt"
      ],
      "minLevel": 5,
      "maxLevel": 15,
      "typeID": "pokemon",
      "condition": {
        "times": [
          "DUSK",
          "NIGHT"
        ],
        "stringBiomes": [
          "jungles"
        ]
      },
      "rarity": 50.0
    },
    {
      "spec": "species:Slakoth",
      "stringLocationTypes": [
        "Headbutt"
      ],
      "minLevel": 5,
      "maxLevel": 15,
      "typeID": "pokemon",
      "condition": {
        "times": [
          "DAWN",
          "DAY"
        ],
        "stringBiomes": [
          "jungles"
        ]
      },
      "rarity": 50.0
    }
  ]
}