{
  "id": "Snom Line Headbutt",
  "spawnInfos": [
    {
      "spec": "species:Snom",
      "stringLocationTypes": [
        "Headbutt"
      ],
      "minLevel": 5,
      "maxLevel": 20,
      "typeID": "pokemon",
      "heldItems": [
        {
          "itemID": "pixelmon:snowball",
          "percentChance": 5
        }
      ],
      "condition": {
        "stringBiomes": [
          "freezing forests"
        ]
      },
      "rarity": 150.0
    },
    {
      "spec": "species:Frosmoth status:Sleep",
      "stringLocationTypes": [
        "Headbutt"
      ],
      "minLevel": 25,
      "maxLevel": 40,
      "typeID": "pokemon",
      "condition": {
        "times": [
          "DAWN",
          "DAY"
        ],
        "stringBiomes": [
          "freezing forests"
        ]
      },
      "rarity": 10.0
    },
    {
      "spec": "species:Frosmoth",
      "stringLocationTypes": [
        "Headbutt"
      ],
      "minLevel": 25,
      "maxLevel": 40,
      "typeID": "pokemon",
      "condition": {
        "times": [
          "DUSK",
          "NIGHT"
        ],
        "stringBiomes": [
          "freezing forests"
        ]
      },
      "rarity": 10.0
    }
  ]
}