{
  "id": "Swablu Line Headbutt",
  "spawnInfos": [
    {
      "spec": "species:Swablu status:Sleep",
      "stringLocationTypes": [
        "Headbutt"
      ],
      "minLevel": 15,
      "maxLevel": 30,
      "typeID": "pokemon",
      "condition": {
        "times": [
          "DUSK",
          "NIGHT"
        ],
        "stringBiomes": [
          "birches",
          "magical",
          "pixelmon:ultra_forest"
        ]
      },
      "rarity": 80.0
    },
    {
      "spec": "species:Swablu",
      "stringLocationTypes": [
        "Headbutt"
      ],
      "minLevel": 15,
      "maxLevel": 30,
      "typeID": "pokemon",
      "condition": {
        "times": [
          "DAWN",
          "DAY"
        ],
        "stringBiomes": [
          "birches",
          "magical",
          "pixelmon:ultra_forest"
        ]
      },
      "rarity": 80.0
    },
    {
      "spec": "species:Altaria status:Sleep",
      "stringLocationTypes": [
        "Headbutt"
      ],
      "minLevel": 35,
      "maxLevel": 45,
      "typeID": "pokemon",
      "condition": {
        "times": [
          "DUSK",
          "NIGHT"
        ],
        "stringBiomes": [
          "birches",
          "magical",
          "pixelmon:ultra_forest"
        ]
      },
      "rarity": 0.5
    },
    {
      "spec": "species:Altaria",
      "stringLocationTypes": [
        "Headbutt"
      ],
      "minLevel": 35,
      "maxLevel": 45,
      "typeID": "pokemon",
      "condition": {
        "times": [
          "DAWN",
          "DAY"
        ],
        "stringBiomes": [
          "birches",
          "magical",
          "pixelmon:ultra_forest"
        ]
      },
      "rarity": 0.5
    }
  ]
}