{
  "id": "Venipede Line Headbutt",
  "spawnInfos": [
    {
      "spec": "species:Venipede",
      "stringLocationTypes": [
        "Headbutt"
      ],
      "minLevel": 5,
      "maxLevel": 20,
      "typeID": "pokemon",
      "condition": {
        "times": [
          "DUSK",
          "NIGHT"
        ],
        "stringBiomes": [
          "jungles"
        ]
      },
      "rarity": 150.0
    },
    {
      "spec": "species:Venipede status:Sleep",
      "stringLocationTypes": [
        "Headbutt"
      ],
      "minLevel": 5,
      "maxLevel": 20,
      "typeID": "pokemon",
      "condition": {
        "times": [
          "DAWN",
          "DAY"
        ],
        "stringBiomes": [
          "jungles"
        ]
      },
      "rarity": 150.0
    },
    {
      "spec": "species:Whirlipede",
      "stringLocationTypes": [
        "Headbutt"
      ],
      "minLevel": 22,
      "maxLevel": 29,
      "typeID": "pokemon",
      "condition": {
        "times": [
          "DUSK",
          "NIGHT"
        ],
        "stringBiomes": [
          "jungles"
        ]
      },
      "rarity": 70.0
    },
    {
      "spec": "species:Whirlipede status:Sleep",
      "stringLocationTypes": [
        "Headbutt"
      ],
      "minLevel": 22,
      "maxLevel": 29,
      "typeID": "pokemon",
      "condition": {
        "times": [
          "DAWN",
          "DAY"
        ],
        "stringBiomes": [
          "jungles"
        ]
      },
      "rarity": 70.0
    },
    {
      "spec": "species:Scolipede",
      "stringLocationTypes": [
        "Headbutt"
      ],
      "minLevel": 30,
      "maxLevel": 45,
      "typeID": "pokemon",
      "condition": {
        "times": [
          "DUSK",
          "NIGHT"
        ],
        "stringBiomes": [
          "jungles",
          "pixelmon:ultra_jungle"
        ]
      },
      "rarity": 5.0
    },
    {
      "spec": "species:Scolipede status:Sleep",
      "stringLocationTypes": [
        "Headbutt"
      ],
      "minLevel": 30,
      "maxLevel": 45,
      "typeID": "pokemon",
      "condition": {
        "times": [
          "DAWN",
          "DAY"
        ],
        "stringBiomes": [
          "jungles",
          "pixelmon:ultra_jungle"
        ]
      },
      "rarity": 5.0
    }
  ]
}