{
  "id": "Venonat Line Headbutt",
  "spawnInfos": [
    {
      "spec": "species:Venonat",
      "stringLocationTypes": [
        "Headbutt"
      ],
      "minLevel": 10,
      "maxLevel": 30,
      "typeID": "pokemon",
      "condition": {
        "times": [
          "DUSK",
          "NIGHT"
        ],
        "variant": [
          "oak"
        ],
        "stringBiomes": [
          "swamps",
          "jungles",
          "byg:crag_gardens"
        ]
      },
      "rarity": 130.0
    },
    {
      "spec": "species:Venonat status:Sleep",
      "stringLocationTypes": [
        "Headbutt"
      ],
      "minLevel": 10,
      "maxLevel": 30,
      "typeID": "pokemon",
      "condition": {
        "times": [
          "DAWN",
          "DAY"
        ],
        "variant": [
          "oak"
        ],
        "stringBiomes": [
          "swamps",
          "jungles",
          "byg:crag_gardens"
        ]
      },
      "rarity": 130.0
    },
    {
      "spec": "species:Venomoth",
      "stringLocationTypes": [
        "Headbutt"
      ],
      "minLevel": 32,
      "maxLevel": 45,
      "typeID": "pokemon",
      "condition": {
        "times": [
          "DUSK",
          "NIGHT"
        ],
        "variant": [
          "oak"
        ],
        "stringBiomes": [
          "swamps",
          "jungles",
          "byg:crag_gardens"
        ]
      },
      "rarity": 10.0
    },
    {
      "spec": "species:Venomoth status:Sleep",
      "stringLocationTypes": [
        "Headbutt"
      ],
      "minLevel": 32,
      "maxLevel": 45,
      "typeID": "pokemon",
      "condition": {
        "times": [
          "DAWN",
          "DAY"
        ],
        "variant": [
          "oak"
        ],
        "stringBiomes": [
          "swamps",
          "jungles",
          "byg:crag_gardens"
        ]
      },
      "rarity": 10.0
    }
  ]
}