{
  "id": "Vullaby Headbutt",
  "spawnInfos": [
    {
      "spec": "species:Vullaby status:Sleep",
      "stringLocationTypes": [
        "Headbutt"
      ],
      "minLevel": 15,
      "maxLevel": 30,
      "typeID": "pokemon",
      "condition": {
        "times": [
          "DAWN",
          "DAY"
        ],
        "stringBiomes": [
          "arid",
          "mesas",
          "evil",
          "savannas"
        ]
      },
      "rarity": 70.0
    },
    {
      "spec": "species:Vullaby",
      "stringLocationTypes": [
        "Headbutt"
      ],
      "minLevel": 15,
      "maxLevel": 30,
      "typeID": "pokemon",
      "condition": {
        "times": [
          "DUSK",
          "NIGHT"
        ],
        "stringBiomes": [
          "arid",
          "mesas",
          "evil",
          "savannas"
        ]
      },
      "rarity": 70.0
    }
  ]
}