{
  "id": "Wurmple Line Headbutt",
  "spawnInfos": [
    {
      "spec": "species:Wurmple status:Sleep",
      "stringLocationTypes": [
        "Headbutt"
      ],
      "minLevel": 2,
      "maxLevel": 7,
      "typeID": "pokemon",
      "condition": {
        "times": [
          "DUSK",
          "NIGHT"
        ],
        "stringBiomes": [
          "all forests"
        ]
      },
      "rarity": 150.0
    },
    {
      "spec": "species:Wurmple",
      "stringLocationTypes": [
        "Headbutt"
      ],
      "minLevel": 2,
      "maxLevel": 7,
      "typeID": "pokemon",
      "condition": {
        "times": [
          "DAWN",
          "DAY"
        ],
        "stringBiomes": [
          "all forests"
        ]
      },
      "rarity": 150.0
    },
    {
      "spec": "species:Silcoon status:Sleep",
      "stringLocationTypes": [
        "Headbutt"
      ],
      "minLevel": 7,
      "maxLevel": 10,
      "typeID": "pokemon",
      "condition": {
        "times": [
          "DUSK",
          "NIGHT"
        ],
        "stringBiomes": [
          "all forests"
        ]
      },
      "rarity": 20.0
    },
    {
      "spec": "species:Silcoon",
      "stringLocationTypes": [
        "Headbutt"
      ],
      "minLevel": 7,
      "maxLevel": 10,
      "typeID": "pokemon",
      "condition": {
        "times": [
          "DAWN",
          "DAY"
        ],
        "stringBiomes": [
          "all forests"
        ]
      },
      "rarity": 20.0
    },
    {
      "spec": "species:Beautifly status:Sleep",
      "stringLocationTypes": [
        "Headbutt"
      ],
      "minLevel": 10,
      "maxLevel": 12,
      "typeID": "pokemon",
      "condition": {
        "times": [
          "DUSK",
          "NIGHT"
        ],
        "variant": [
          "oak",
          "sacred_oak",
          "birch",
          "pixelmon:ultra_elm"
        ],
        "stringBiomes": [
          "all forests",
          "pixelmon:ultra_forest"
        ]
      },
      "rarity": 0.5
    },
    {
      "spec": "species:Beautifly",
      "stringLocationTypes": [
        "Headbutt"
      ],
      "minLevel": 10,
      "maxLevel": 12,
      "typeID": "pokemon",
      "condition": {
        "times": [
          "DAWN",
          "DAY"
        ],
        "variant": [
          "oak",
          "sacred_oak",
          "birch",
          "pixelmon:ultra_elm"
        ],
        "stringBiomes": [
          "all forests",
          "pixelmon:ultra_forest"
        ]
      },
      "rarity": 0.5
    },
    {
      "spec": "species:Cascoon status:Sleep",
      "stringLocationTypes": [
        "Headbutt"
      ],
      "minLevel": 7,
      "maxLevel": 10,
      "typeID": "pokemon",
      "condition": {
        "times": [
          "DUSK",
          "NIGHT"
        ],
        "stringBiomes": [
          "all forests"
        ]
      },
      "rarity": 20.0
    },
    {
      "spec": "species:Cascoon",
      "stringLocationTypes": [
        "Headbutt"
      ],
      "minLevel": 7,
      "maxLevel": 10,
      "typeID": "pokemon",
      "condition": {
        "times": [
          "DAWN",
          "DAY"
        ],
        "stringBiomes": [
          "all forests"
        ]
      },
      "rarity": 20.0
    },
    {
      "spec": "species:Dustox status:Sleep",
      "stringLocationTypes": [
        "Headbutt"
      ],
      "minLevel": 10,
      "maxLevel": 12,
      "typeID": "pokemon",
      "condition": {
        "times": [
          "DAWN",
          "DAY"
        ],
        "variant": [
          "spruce",
          "redwood",
          "dark_oak",
          "pixelmon:ultra_gingko"
        ],
        "stringBiomes": [
          "all forests",
          "pixelmon:ultra_forest"
        ]
      },
      "rarity": 0.5
    },
    {
      "spec": "species:Dustox",
      "stringLocationTypes": [
        "Headbutt"
      ],
      "minLevel": 10,
      "maxLevel": 12,
      "typeID": "pokemon",
      "condition": {
        "times": [
          "DUSK",
          "NIGHT"
        ],
        "variant": [
          "spruce",
          "redwood",
          "dark_oak",
          "pixelmon:ultra_gingko"
        ],
        "stringBiomes": [
          "all forests",
          "pixelmon:ultra_forest"
        ]
      },
      "rarity": 0.5
    }
  ]
}