{
  "id": "Absol",
  "spawnInfos": [
    {
      "spec": "species:Absol",
      "stringLocationTypes": [
        "Land"
      ],
      "minLevel": 5,
      "maxLevel": 50,
      "typeID": "pokemon",
      "condition": {
        "times": [
          "MIDNIGHT"
        ],
        "stringBiomes": [
          "mountainous"
        ]
      },
      "rarity": 90
    },
    {
      "spec": "species:Absol",
      "stringLocationTypes": [
        "Land"
      ],
      "minLevel": 5,
      "maxLevel": 50,
      "typeID": "pokemon",
      "condition": {
        "stringBiomes": [
          "minecraft:end_barrens",
          "byg:purpur_peaks",
          "byg:nightshade_forest"
        ]
      },
      "rarity": 90
    },
    {
      "spec": "species:Absol",
      "stringLocationTypes": [
        "Land"
      ],
      "minLevel": 5,
      "maxLevel": 50,
      "typeID": "pokemon",
      "condition": {
        "stringBiomes": [
          "pixelmon:ultra_crater"
        ]
      },
      "rarity": 90
    }
  ]
}