{
  "id": "Aerodactyl",
  "spawnInfos": [
    {
      "spec": "species:Aerodactyl",
      "stringLocationTypes": [
        "Air"
      ],
      "minLevel": 25,
      "maxLevel": 50,
      "typeID": "pokemon",
      "condition": {
        "times": [
          "NIGHT"
        ],
        "stringBiomes": [
          "pixelmon:ultra_jungle"
        ]
      },
      "rarity": 25
    },
    {
      "spec": "species:Aerodactyl",
      "stringLocationTypes": [
        "Air"
      ],
      "minLevel": 25,
      "maxLevel": 50,
      "typeID": "pokemon",
      "condition": {
        "stringBiomes": [
          "pixelmon:ultra_jungle"
        ]
      },
      "rarity": 25
    }
  ]
}