{
  "id": "Alakazam",
  "spawnInfos": [
    {
      "spec": "species:Alakazam",
      "stringLocationTypes": [
        "Land"
      ],
      "minLevel": 30,
      "maxLevel": 50,
      "typeID": "pokemon",
      "heldItems": [
        {
          "itemID": "pixelmon:twisted_spoon",
          "percentChance": 5
        }
      ],
      "condition": {
        "stringBiomes": [
          "minecraft:end_highlands"
        ]
      },
      "rarity": 0.1
    },
    {
      "spec": "species:Alakazam",
      "stringLocationTypes": [
        "Land"
      ],
      "minLevel": 30,
      "maxLevel": 50,
      "typeID": "pokemon",
      "heldItems": [
        {
          "itemID": "pixelmon:twisted_spoon",
          "percentChance": 5
        }
      ],
      "condition": {
        "stringBiomes": [
          "pixelmon:ultra_forest"
        ]
      },
      "rarity": 0.1
    }
  ]
}