{
  "id": "Ampharos",
  "spawnInfos": [
    {
      "spec": "species:Ampharos",
      "stringLocationTypes": [
        "Land"
      ],
      "minLevel": 30,
      "maxLevel": 50,
      "typeID": "pokemon",
      "condition": {
        "times": [
          "AFTERNOON",
          "DUSK"
        ],
        "stringBiomes": [
          "plains",
          "minecraft:snowy_tundra"
        ]
      },
      "groupSpawnSettings": [
        {
          "spec": "Mareep",
          "amount": {
            "min_value": 3,
            "max_value": 4
          },
          "spawn_range_minimum": {
            "x": 1,
            "y": 1,
            "z": 1
          },
          "spawn_range_maximum": {
            "x": 5,
            "y": 5,
            "z": 5
          },
          "chance": 1
        }
      ],
      "rarity": 0.5
    },
    {
      "spec": "species:Ampharos",
      "stringLocationTypes": [
        "Land"
      ],
      "minLevel": 30,
      "maxLevel": 50,
      "typeID": "pokemon",
      "condition": {
        "times": [
          "MORNING"
        ],
        "stringBiomes": [
          "pixelmon:ultra_plant"
        ]
      },
      "rarity": 50
    },
    {
      "spec": "species:Ampharos",
      "stringLocationTypes": [
        "Land"
      ],
      "minLevel": 30,
      "maxLevel": 50,
      "typeID": "pokemon",
      "condition": {
        "stringBiomes": [
          "pixelmon:ultra_plant"
        ]
      },
      "groupSpawnSettings": [
        {
          "spec": "Mareep",
          "amount": {
            "min_value": 3,
            "max_value": 4
          },
          "spawn_range_minimum": {
            "x": 1,
            "y": 1,
            "z": 1
          },
          "spawn_range_maximum": {
            "x": 5,
            "y": 5,
            "z": 5
          },
          "chance": 1
        }
      ],
      "rarity": 0.5
    }
  ]
}