{
  "id": "Banette",
  "spawnInfos": [
    {
      "spec": "species:Banette",
      "stringLocationTypes": [
        "Land"
      ],
      "minLevel": 35,
      "maxLevel": 45,
      "typeID": "pokemon",
      "heldItems": [
        {
          "itemID": "pixelmon:spell_tag",
          "percentChance": 5
        }
      ],
      "condition": {
        "times": [
          "MIDNIGHT"
        ],
        "stringBiomes": [
          "plains",
          "evil"
        ]
      },
      "rarityMultipliers": [
        {
          "multiplier": 1.5,
          "condition": {
            "neededNearbyBlocks": [
              "minecraft:grass_path"
            ]
          }
        }
      ],
      "rarity": 6
    },
    {
      "spec": "species:Banette",
      "stringLocationTypes": [
        "Indoors",
        "Land"
      ],
      "minLevel": 35,
      "maxLevel": 45,
      "typeID": "pokemon",
      "heldItems": [
        {
          "itemID": "pixelmon:spell_tag",
          "percentChance": 5
        }
      ],
      "condition": {
        "structures": [
          "pixelmon:haunted_tower"
        ],
        "times": [
          "NIGHT"
        ],
        "stringBiomes": [
          "roofed"
        ]
      },
      "rarity": 6
    },
    {
      "spec": "species:Banette boss:haunted",
      "stringLocationTypes": [
        "Indoors",
        "Land"
      ],
      "minLevel": 35,
      "maxLevel": 45,
      "typeID": "pokemon",
      "heldItems": [
        {
          "itemID": "pixelmon:spell_tag",
          "percentChance": 5
        }
      ],
      "condition": {
        "structures": [
          "pixelmon:haunted_tower"
        ],
        "stringBiomes": [
          "roofed"
        ]
      },
      "rarity": 1
    },
    {
      "spec": "species:Banette palette:witch",
      "stringLocationTypes": [
        "Land",
        "Manmade",
        "Indoors"
      ],
      "minLevel": 35,
      "maxLevel": 45,
      "typeID": "pokemon",
      "condition": {
        "times": [
          "NIGHT",
          "DAY"
        ],
        "structures": [
          "pixelmon:pumpkin_house"
        ]
      },
      "rarity": 80
    },
    {
      "spec": "species:Banette palette:witch boss:haunted",
      "stringLocationTypes": [
        "Land",
        "Manmade",
        "Indoors"
      ],
      "minLevel": 35,
      "maxLevel": 45,
      "typeID": "pokemon",
      "condition": {
        "times": [
          "NIGHT",
          "DAY"
        ],
        "structures": [
          "pixelmon:pumpkin_house"
        ]
      },
      "rarity": 110
    },
    {
      "spec": "species:Banette",
      "stringLocationTypes": [
        "Land"
      ],
      "minLevel": 35,
      "maxLevel": 45,
      "typeID": "pokemon",
      "heldItems": [
        {
          "itemID": "pixelmon:spell_tag",
          "percentChance": 5
        }
      ],
      "condition": {
        "stringBiomes": [
          "pixelmon:ultra_forest"
        ]
      },
      "rarityMultipliers": [
        {
          "multiplier": 1.5,
          "condition": {
            "neededNearbyBlocks": [
              "minecraft:grass_path"
            ]
          }
        }
      ],
      "rarity": 6
    }
  ]
}