{
  "id": "Beedrill",
  "spawnInfos": [
    {
      "spec": "species:Beedrill",
      "stringLocationTypes": [
        "Air",
        "Headbutt",
        "Sweet Scent"
      ],
      "minLevel": 10,
      "maxLevel": 50,
      "typeID": "pokemon",
      "heldItems": [
        {
          "itemID": "pixelmon:poison_barb",
          "percentChance": 5
        }
      ],
      "condition": {
        "stringBiomes": [
          "pixelmon:ultra_forest"
        ]
      },
      "rarity": 5
    }
  ]
}