{
  "id": "Blastoise",
  "spawnInfos": [
    {
      "spec": "species:Blastoise",
      "stringLocationTypes": [
        "Land"
      ],
      "minLevel": 36,
      "maxLevel": 50,
      "typeID": "pokemon",
      "condition": {
        "stringBiomes": [
          "pixelmon:ultra_forest"
        ]
      },
      "rarityMultipliers": [
        {
          "multiplier": 2,
          "condition": {
            "weathers": [
              "RAIN"
            ]
          }
        }
      ],
      "rarity": 1
    }
  ]
}