{
  "id": "Camerupt",
  "spawnInfos": [
    {
      "spec": "species:Camerupt",
      "stringLocationTypes": [
        "Land"
      ],
      "minLevel": 33,
      "maxLevel": 50,
      "typeID": "pokemon",
      "condition": {
        "stringBiomes": [
          "pixelmon:ultra_desert"
        ]
      },
      "rarityMultipliers": [
        {
          "multiplier": 1.5,
          "condition": {
            "neededNearbyBlocks": [
              "minecraft:dead_bush"
            ]
          }
        }
      ],
      "rarity": 8
    }
  ]
}