{
  "id": "Alomomola Line Fishing",
  "spawnInfos": [
    {
      "spec": "species:Alomomola",
      "stringLocationTypes": [
        "Super Rod"
      ],
      "minLevel": 36,
      "maxLevel": 49,
      "typeID": "pokemon",
      "condition": {
        "times": [
          "DAY"
        ],
        "stringBiomes": [
          "minecraft:warm_ocean",
          "minecraft:deep_warm_ocean",
          "minecraft:lukewarm_ocean",
          "minecraft:deep_lukewarm_ocean"
        ]
      },
      "rarity": 7.0
    }
  ]
}