{
  "id": "Barboach Line Fishing",
  "spawnInfos": [
    {
      "spec": "species:Barboach",
      "stringLocationTypes": [
        "Good Rod"
      ],
      "minLevel": 10,
      "maxLevel": 25,
      "typeID": "pokemon",
      "condition": {
        "stringBiomes": [
          "minecraft:river",
          "swamps",
          "lakes",
          "byg:polluted_lake"
        ]
      },
      "rarity": 60.0
    },
    {
      "spec": "species:Barboach",
      "stringLocationTypes": [
        "Super Rod"
      ],
      "minLevel": 10,
      "maxLevel": 28,
      "typeID": "pokemon",
      "condition": {
        "stringBiomes": [
          "minecraft:river",
          "swamps",
          "lakes",
          "byg:polluted_lake"
        ]
      },
      "rarity": 100.0
    },
    {
      "spec": "species:Whiscash",
      "stringLocationTypes": [
        "Good Rod"
      ],
      "minLevel": 30,
      "maxLevel": 43,
      "typeID": "pokemon",
      "condition": {
        "stringBiomes": [
          "minecraft:river",
          "swamps",
          "lakes",
          "byg:polluted_lake",
          "pixelmon:ultra_crater"
        ]
      },
      "rarity": 7.0
    },
    {
      "spec": "species:Whiscash",
      "stringLocationTypes": [
        "Super Rod"
      ],
      "minLevel": 35,
      "maxLevel": 47,
      "typeID": "pokemon",
      "condition": {
        "stringBiomes": [
          "minecraft:river",
          "swamps",
          "lakes",
          "byg:polluted_lake",
          "pixelmon:ultra_crater"
        ]
      },
      "rarity": 20.0
    }
  ]
}
