{
  "id": "Carvanha Line Fishing",
  "spawnInfos": [
    {
      "spec": "species:Carvanha",
      "stringLocationTypes": [
        "Old Rod"
      ],
      "minLevel": 3,
      "maxLevel": 25,
      "typeID": "pokemon",
      "heldItems": [
        {
          "itemID": "pixelmon:deep_sea_tooth",
          "percentChance": 5
        }
      ],
      "condition": {
        "stringBiomes": [
          "jungles",
          "minecraft:river",
          "pixelmon:ultra_jungle"
        ]
      },
      "rarity": 60.0
    },
    {
      "spec": "species:Carvanha",
      "stringLocationTypes": [
        "Good Rod"
      ],
      "minLevel": 10,
      "maxLevel": 25,
      "typeID": "pokemon",
      "heldItems": [
        {
          "itemID": "pixelmon:deep_sea_tooth",
          "percentChance": 5
        }
      ],
      "condition": {
        "stringBiomes": [
          "lakes",
          "jungles",
          "minecraft:river",
          "pixelmon:ultra_jungle"
        ]
      },
      "rarity": 100.0
    },
    {
      "spec": "species:Sharpedo",
      "stringLocationTypes": [
        "Good Rod"
      ],
      "minLevel": 30,
      "maxLevel": 43,
      "typeID": "pokemon",
      "heldItems": [
        {
          "itemID": "pixelmon:deep_sea_tooth",
          "percentChance": 5
        }
      ],
      "condition": {
        "times": [
          "DUSK",
          "NIGHT"
        ],
        "stringBiomes": [
          "oceanic",
          "pixelmon:ultra_deep_sea"
        ]
      },
      "anticondition": {
        "stringBiomes": [
          "freezing"
        ]
      },
      "rarity": 7.0
    },
    {
      "spec": "species:Sharpedo",
      "stringLocationTypes": [
        "Super Rod"
      ],
      "minLevel": 35,
      "maxLevel": 47,
      "typeID": "pokemon",
      "heldItems": [
        {
          "itemID": "pixelmon:deep_sea_tooth",
          "percentChance": 5
        }
      ],
      "condition": {
        "times": [
          "DUSK",
          "NIGHT"
        ],
        "stringBiomes": [
          "oceanic",
          "pixelmon:ultra_deep_sea"
        ]
      },
      "anticondition": {
        "stringBiomes": [
          "freezing"
        ]
      },
      "rarity": 20.0
    }
  ]
}
