{
  "id": "Corphish Line Fishing",
  "spawnInfos": [
    {
      "spec": "species:Corphish",
      "stringLocationTypes": [
        "Good Rod"
      ],
      "minLevel": 5,
      "maxLevel": 29,
      "typeID": "pokemon",
      "condition": {
        "stringBiomes": [
          "minecraft:river",
          "swamps",
          "lakes"
        ]
      },
      "rarity": 60.0
    },
    {
      "spec": "species:Corphish",
      "stringLocationTypes": [
        "Super Rod"
      ],
      "minLevel": 10,
      "maxLevel": 28,
      "typeID": "pokemon",
      "condition": {
        "stringBiomes": [
          "minecraft:river",
          "swamps",
          "lakes",
          "beaches"
        ]
      },
      "rarity": 100.0
    },
    {
      "spec": "species:Crawdaunt",
      "stringLocationTypes": [
        "Super Rod"
      ],
      "minLevel": 30,
      "maxLevel": 43,
      "typeID": "pokemon",
      "condition": {
        "times": [
          "NIGHT"
        ],
        "stringBiomes": [
          "minecraft:river",
          "swamps",
          "lakes",
          "beaches",
          "pixelmon:ultra_crater"
        ]
      },
      "rarity": 7.0
    }
  ]
}
