{
  "id": "Goldeen Line Fishing",
  "spawnInfos": [
    {
      "spec": "species:Goldeen",
      "stringLocationTypes": [
        "Old Rod"
      ],
      "minLevel": 10,
      "maxLevel": 25,
      "typeID": "pokemon",
      "heldItems": [
        {
          "itemID": "pixelmon:mystic_water",
          "percentChance": 5
        }
      ],
      "condition": {
        "stringBiomes": [
          "swamps",
          "minecraft:river",
          "all forests",
          "lakes",
          "byg:crag_gardens"
        ]
      },
      "rarity": 100.0
    },
    {
      "spec": "species:Goldeen",
      "stringLocationTypes": [
        "Good Rod"
      ],
      "minLevel": 20,
      "maxLevel": 30,
      "typeID": "pokemon",
      "heldItems": [
        {
          "itemID": "pixelmon:mystic_water",
          "percentChance": 5
        }
      ],
      "condition": {
        "stringBiomes": [
          "swamps",
          "minecraft:river",
          "all forests",
          "lakes",
          "byg:crag_gardens"
        ]
      },
      "rarity": 150.0
    },
    {
      "spec": "species:Seaking",
      "stringLocationTypes": [
        "Good Rod"
      ],
      "minLevel": 35,
      "maxLevel": 45,
      "typeID": "pokemon",
      "heldItems": [
        {
          "itemID": "pixelmon:mystic_water",
          "percentChance": 5
        }
      ],
      "condition": {
        "stringBiomes": [
          "swamps",
          "minecraft:river",
          "all forests",
          "lakes",
          "byg:crag_gardens",
          "pixelmon:ultra_forest"
        ]
      },
      "rarity": 20.0
    },
    {
      "spec": "species:Seaking",
      "stringLocationTypes": [
        "Super Rod"
      ],
      "minLevel": 40,
      "maxLevel": 50,
      "typeID": "pokemon",
      "heldItems": [
        {
          "itemID": "pixelmon:mystic_water",
          "percentChance": 5
        }
      ],
      "condition": {
        "stringBiomes": [
          "swamps",
          "minecraft:river",
          "all forests",
          "lakes",
          "byg:crag_gardens",
          "pixelmon:ultra_forest"
        ]
      },
      "rarity": 100.0
    }
  ]
}
