{
  "id": "Grimer Line Fishing",
  "spawnInfos": [
    {
      "spec": "species:Grimer",
      "stringLocationTypes": [
        "Good Rod"
      ],
      "minLevel": 15,
      "maxLevel": 32,
      "typeID": "pokemon",
      "heldItems": [
        {
          "itemID": "pixelmon:black_sludge",
          "percentChance": 5
        }
      ],
      "condition": {
        "stringBiomes": [
          "swamps",
          "evil",
          "byg:polluted_lake"
        ]
      },
      "rarity": 20.0
    },
    {
      "spec": "species:Grimer",
      "stringLocationTypes": [
        "Super Rod"
      ],
      "minLevel": 15,
      "maxLevel": 32,
      "typeID": "pokemon",
      "heldItems": [
        {
          "itemID": "pixelmon:black_sludge",
          "percentChance": 5
        }
      ],
      "condition": {
        "stringBiomes": [
          "swamps",
          "evil",
          "byg:polluted_lake"
        ]
      },
      "rarity": 100.0
    },
    {
      "spec": "species:Grimer form:alolan",
      "stringLocationTypes": [
        "Super Rod"
      ],
      "minLevel": 15,
      "maxLevel": 32,
      "typeID": "pokemon",
      "heldItems": [
        {
          "itemID": "pixelmon:black_sludge",
          "percentChance": 5
        }
      ],
      "condition": {
        "times": [
          "NIGHT"
        ],
        "stringBiomes": [
          "swamps",
          "evil",
          "byg:polluted_lake"
        ]
      },
      "rarity": 20.0
    },
    {
      "spec": "species:Muk",
      "stringLocationTypes": [
        "Super Rod"
      ],
      "minLevel": 40,
      "maxLevel": 52,
      "typeID": "pokemon",
      "heldItems": [
        {
          "itemID": "pixelmon:black_sludge",
          "percentChance": 5
        }
      ],
      "condition": {
        "stringBiomes": [
          "swamps",
          "evil",
          "byg:polluted_lake",
          "pixelmon:ultra_deep_sea"
        ]
      },
      "rarity": 10.0
    },
    {
      "spec": "species:Muk form:alolan",
      "stringLocationTypes": [
        "Super Rod"
      ],
      "minLevel": 40,
      "maxLevel": 52,
      "typeID": "pokemon",
      "heldItems": [
        {
          "itemID": "pixelmon:black_sludge",
          "percentChance": 5
        }
      ],
      "condition": {
        "times": [
          "NIGHT"
        ],
        "stringBiomes": [
          "swamps",
          "evil",
          "byg:polluted_lake",
          "pixelmon:ultra_deep_sea"
        ]
      },
      "rarity": 5.0
    }
  ]
}
