{
  "id": "Mantine Fishing",
  "spawnInfos": [
    {
      "spec": "species:Mantine",
      "stringLocationTypes": [
        "Good Rod"
      ],
      "minLevel": 5,
      "maxLevel": 45,
      "typeID": "pokemon",
      "condition": {
        "times": [
          "DAY"
        ],
        "stringBiomes": [
          "minecraft:ocean",
          "minecraft:warm_ocean",
          "minecraft:lukewarm_ocean",
          "minecraft:cold_ocean"
        ]
      },
      "rarity": 7.0
    },
    {
      "spec": "species:Mantine",
      "stringLocationTypes": [
        "Super Rod"
      ],
      "minLevel": 5,
      "maxLevel": 45,
      "typeID": "pokemon",
      "condition": {
        "times": [
          "DAY"
        ],
        "stringBiomes": [
          "oceanic"
        ]
      },
      "anticondition": {
        "stringBiomes": [
          "freezing"
        ]
      },
      "rarity": 40.0
    }
  ]
}