{
  "id": "Mudkip Line Fishing",
  "spawnInfos": [
    {
      "spec": "species:Mudkip",
      "stringLocationTypes": [
        "Good Rod"
      ],
      "minLevel": 2,
      "maxLevel": 15,
      "typeID": "pokemon",
      "condition": {
        "times": [
          "NIGHT"
        ],
        "stringBiomes": [
          "swamps",
          "pixelmon:ultra_plant"
        ]
      },
      "rarity": 0.5
    },
    {
      "spec": "species:Mudkip",
      "stringLocationTypes": [
        "Super Rod"
      ],
      "minLevel": 15,
      "maxLevel": 25,
      "typeID": "pokemon",
      "condition": {
        "times": [
          "NIGHT"
        ],
        "stringBiomes": [
          "swamps",
          "pixelmon:ultra_plant"
        ]
      },
      "rarity": 5.0
    },
    {
      "spec": "species:Marshtomp",
      "stringLocationTypes": [
        "Good Rod"
      ],
      "minLevel": 15,
      "maxLevel": 25,
      "typeID": "pokemon",
      "condition": {
        "times": [
          "NIGHT"
        ],
        "stringBiomes": [
          "swamps",
          "pixelmon:ultra_plant"
        ]
      },
      "rarity": 0.3
    },
    {
      "spec": "species:Marshtomp",
      "stringLocationTypes": [
        "Super Rod"
      ],
      "minLevel": 15,
      "maxLevel": 25,
      "typeID": "pokemon",
      "condition": {
        "times": [
          "NIGHT"
        ],
        "stringBiomes": [
          "swamps",
          "pixelmon:ultra_plant"
        ]
      },
      "rarity": 20.0
    },
    {
      "spec": "species:Swampert",
      "stringLocationTypes": [
        "Super Rod"
      ],
      "minLevel": 15,
      "maxLevel": 25,
      "typeID": "pokemon",
      "condition": {
        "times": [
          "NIGHT"
        ],
        "stringBiomes": [
          "swamps",
          "pixelmon:ultra_plant"
        ]
      },
      "rarity": 5.0
    }
  ]
}