{
  "id": "Poliwag Line Fishing",
  "spawnInfos": [
    {
      "spec": "species:Poliwag",
      "stringLocationTypes": [
        "Old Rod"
      ],
      "minLevel": 10,
      "maxLevel": 25,
      "typeID": "pokemon",
      "condition": {
        "times": [
          "DAY"
        ],
        "stringBiomes": [
          "swamps",
          "minecraft:river",
          "lakes"
        ]
      },
      "rarity": 130.0
    },
    {
      "spec": "species:Poliwag",
      "stringLocationTypes": [
        "Good Rod"
      ],
      "minLevel": 10,
      "maxLevel": 25,
      "typeID": "pokemon",
      "condition": {
        "times": [
          "DAY"
        ],
        "stringBiomes": [
          "swamps",
          "minecraft:river",
          "lakes"
        ]
      },
      "rarity": 100.0
    },
    {
      "spec": "species:Poliwhirl",
      "stringLocationTypes": [
        "Good Rod"
      ],
      "minLevel": 25,
      "maxLevel": 38,
      "typeID": "pokemon",
      "heldItems": [
        {
          "itemID": "pixelmon:kings_rock",
          "percentChance": 5
        }
      ],
      "condition": {
        "times": [
          "DAY"
        ],
        "stringBiomes": [
          "swamps",
          "minecraft:river",
          "lakes",
          "pixelmon:ultra_forest",
          "pixelmon:ultra_crater"
        ]
      },
      "rarity": 60.0
    },
    {
      "spec": "species:Poliwhirl",
      "stringLocationTypes": [
        "Super Rod"
      ],
      "minLevel": 25,
      "maxLevel": 38,
      "typeID": "pokemon",
      "heldItems": [
        {
          "itemID": "pixelmon:kings_rock",
          "percentChance": 5
        }
      ],
      "condition": {
        "times": [
          "DAY"
        ],
        "stringBiomes": [
          "swamps",
          "minecraft:river",
          "lakes",
          "pixelmon:ultra_forest",
          "pixelmon:ultra_crater"
        ]
      },
      "rarity": 20.0
    },
    {
      "spec": "species:Poliwrath",
      "stringLocationTypes": [
        "Super Rod"
      ],
      "minLevel": 30,
      "maxLevel": 42,
      "typeID": "pokemon",
      "heldItems": [
        {
          "itemID": "pixelmon:kings_rock",
          "percentChance": 5
        }
      ],
      "condition": {
        "times": [
          "DAY"
        ],
        "stringBiomes": [
          "swamps",
          "minecraft:river",
          "lakes",
          "pixelmon:ultra_crater"
        ]
      },
      "rarity": 5.0
    },
    {
      "spec": "species:Politoed",
      "stringLocationTypes": [
        "Super Rod"
      ],
      "minLevel": 30,
      "maxLevel": 42,
      "typeID": "pokemon",
      "heldItems": [
        {
          "itemID": "pixelmon:kings_rock",
          "percentChance": 5
        }
      ],
      "condition": {
        "times": [
          "DAY"
        ],
        "stringBiomes": [
          "pixelmon:ultra_forest"
        ]
      },
      "rarity": 5.0
    }
  ]
}
