{
  "id": "Psyduck Line Fishing",
  "spawnInfos": [
    {
      "spec": "species:Psyduck",
      "stringLocationTypes": [
        "Good Rod"
      ],
      "minLevel": 5,
      "maxLevel": 15,
      "typeID": "pokemon",
      "condition": {
        "times": [
          "DAWN",
          "DAY"
        ],
        "stringBiomes": [
          "minecraft:river",
          "swamps",
          "lakes"
        ]
      },
      "rarity": 60.0
    },
    {
      "spec": "species:Psyduck",
      "stringLocationTypes": [
        "Super Rod"
      ],
      "minLevel": 15,
      "maxLevel": 30,
      "typeID": "pokemon",
      "condition": {
        "times": [
          "DAWN",
          "DAY"
        ],
        "stringBiomes": [
          "minecraft:river",
          "swamps",
          "lakes"
        ]
      },
      "rarity": 100.0
    },
    {
      "spec": "species:Golduck",
      "stringLocationTypes": [
        "Super Rod"
      ],
      "minLevel": 35,
      "maxLevel": 50,
      "typeID": "pokemon",
      "condition": {
        "times": [
          "DAWN",
          "DAY"
        ],
        "stringBiomes": [
          "minecraft:river",
          "swamps",
          "lakes",
          "pixelmon:ultra_forest"
        ]
      },
      "rarity": 7.0
    }
  ]
}
