{
  "id": "Remoraid Line Fishing",
  "spawnInfos": [
    {
      "spec": "species:Remoraid",
      "stringLocationTypes": [
        "Good Rod"
      ],
      "minLevel": 5,
      "maxLevel": 24,
      "typeID": "pokemon",
      "condition": {
        "stringBiomes": [
          "oceanic"
        ]
      },
      "anticondition": {
        "stringBiomes": [
          "freezing"
        ]
      },
      "rarity": 130.0
    },
    {
      "spec": "species:Remoraid",
      "stringLocationTypes": [
        "Super Rod"
      ],
      "minLevel": 5,
      "maxLevel": 24,
      "typeID": "pokemon",
      "condition": {
        "stringBiomes": [
          "oceanic",
          "beaches"
        ]
      },
      "anticondition": {
        "stringBiomes": [
          "freezing"
        ]
      },
      "rarity": 100.0
    },
    {
      "spec": "species:Octillery",
      "stringLocationTypes": [
        "Good Rod"
      ],
      "minLevel": 25,
      "maxLevel": 37,
      "typeID": "pokemon",
      "condition": {
        "stringBiomes": [
          "minecraft:ocean",
          "minecraft:warm_ocean",
          "minecraft:lukewarm_ocean",
          "minecraft:cold_ocean",
          "pixelmon:ultra_crater"
        ]
      },
      "rarity": 7.0
    },
    {
      "spec": "species:Octillery",
      "stringLocationTypes": [
        "Super Rod"
      ],
      "minLevel": 30,
      "maxLevel": 42,
      "typeID": "pokemon",
      "condition": {
        "stringBiomes": [
          "oceanic",
          "beaches",
          "pixelmon:ultra_crater"
        ]
      },
      "anticondition": {
        "stringBiomes": [
          "freezing"
        ]
      },
      "rarity": 20.0
    }
  ]
}