{
  "id": "Salandit Line Fishing",
  "spawnInfos": [
    {
      "spec": "species:Salandit",
      "stringLocationTypes": [
        "Good Rod Lava"
      ],
      "minLevel": 15,
      "maxLevel": 30,
      "typeID": "pokemon",
      "heldItems": [
        {
          "itemID": "pixelmon:smoke_ball",
          "percentChance": 5
        }
      ],
      "condition": {
        "stringBiomes": [
          "swamps",
          "mesas",
          "evil",
          "biomesoplenty:volcano",
          "biomesoplenty:volcanic_plains",
          "hellish",
          "pixelmon_ultra_desert"
        ]
      },
      "rarity": 9.0
    },
    {
      "spec": "species:Salandit",
      "stringLocationTypes": [
        "Super Rod Lava"
      ],
      "minLevel": 15,
      "maxLevel": 30,
      "typeID": "pokemon",
      "heldItems": [
        {
          "itemID": "pixelmon:smoke_ball",
          "percentChance": 5
        }
      ],
      "condition": {
        "stringBiomes": [
          "swamps",
          "mesas",
          "evil",
          "biomesoplenty:volcano",
          "biomesoplenty:volcanic_plains",
          "hellish",
          "pixelmon_ultra_desert"
        ]
      },
      "rarity": 40.0
    },
    {
      "spec": "species:Salazzle",
      "stringLocationTypes": [
        "Super Rod Lava"
      ],
      "minLevel": 35,
      "maxLevel": 55,
      "typeID": "pokemon",
      "heldItems": [
        {
          "itemID": "pixelmon:smoke_ball",
          "percentChance": 5
        }
      ],
      "condition": {
        "stringBiomes": [
          "swamps",
          "mesas",
          "evil",
          "biomesoplenty:volcano",
          "biomesoplenty:volcanic_plains",
          "hellish",
          "pixelmon_ultra_desert"
        ]
      },
      "rarity": 0.5
    }
  ]
}
