{
  "id": "Shellos Line Fishing",
  "spawnInfos": [
    {
      "spec": "species:Shellos",
      "stringLocationTypes": [
        "Good Rod"
      ],
      "minLevel": 5,
      "maxLevel": 15,
      "typeID": "pokemon",
      "condition": {
        "stringBiomes": [
          "minecraft:warm_ocean",
          "minecraft:lukewarm_ocean",
          "beaches"
        ]
      },
      "anticondition": {
        "stringBiomes": [
          "freezing"
        ]
      },
      "rarity": 60.0
    },
    {
      "spec": "species:Shellos",
      "stringLocationTypes": [
        "Super Rod"
      ],
      "minLevel": 5,
      "maxLevel": 15,
      "typeID": "pokemon",
      "condition": {
        "stringBiomes": [
          "oceanic",
          "beaches"
        ]
      },
      "anticondition": {
        "stringBiomes": [
          "freezing"
        ]
      },
      "rarity": 100.0
    },
    {
      "spec": "species:Gastrodon",
      "stringLocationTypes": [
        "Good Rod"
      ],
      "minLevel": 40,
      "maxLevel": 60,
      "typeID": "pokemon",
      "condition": {
        "stringBiomes": [
          "minecraft:warm_ocean",
          "minecraft:lukewarm_ocean",
          "beaches",
          "pixelmon:ultra_deep_sea"
        ]
      },
      "anticondition": {
        "stringBiomes": [
          "freezing"
        ]
      },
      "rarity": 20.0
    },
    {
      "spec": "species:Gastrodon",
      "stringLocationTypes": [
        "Super Rod"
      ],
      "minLevel": 40,
      "maxLevel": 60,
      "typeID": "pokemon",
      "condition": {
        "stringBiomes": [
          "oceanic",
          "beaches",
          "pixelmon:ultra_deep_sea"
        ]
      },
      "anticondition": {
        "stringBiomes": [
          "freezing"
        ]
      },
      "rarity": 60.0
    }
  ]
}
