{
  "id": "Sobble Fishing",
  "spawnInfos": [
    {
      "spec": "species:Sobble",
      "stringLocationTypes": [
        "Good Rod"
      ],
      "minLevel": 2,
      "maxLevel": 15,
      "typeID": "pokemon",
      "condition": {
        "times": [
          "DAY"
        ],
        "stringBiomes": [
          "minecraft:river",
          "lakes"
        ]
      },
      "rarity": 0.5
    },
    {
      "spec": "species:Sobble",
      "stringLocationTypes": [
        "Super Rod"
      ],
      "minLevel": 15,
      "maxLevel": 25,
      "typeID": "pokemon",
      "condition": {
        "times": [
          "DAY"
        ],
        "stringBiomes": [
          "minecraft:river",
          "lakes"
        ]
      },
      "rarity": 5.0
    }
  ]
}