{
  "id": "Spheal Line Fishing",
  "spawnInfos": [
    {
      "spec": "species:Spheal",
      "stringLocationTypes": [
        "Good Rod"
      ],
      "minLevel": 5,
      "maxLevel": 17,
      "typeID": "pokemon",
      "condition": {
        "times": [
          "NIGHT"
        ],
        "stringBiomes": [
          "freezing"
        ]
      },
      "anticondition": {
        "stringBiomes": [
          "freezing forests"
        ]
      },
      "rarity": 60.0
    },
    {
      "spec": "species:Spheal",
      "stringLocationTypes": [
        "Super Rod"
      ],
      "minLevel": 10,
      "maxLevel": 26,
      "typeID": "pokemon",
      "condition": {
        "times": [
          "NIGHT"
        ],
        "stringBiomes": [
          "freezing"
        ]
      },
      "anticondition": {
        "stringBiomes": [
          "freezing forests"
        ]
      },
      "rarity": 100.0
    },
    {
      "spec": "species:Sealeo",
      "stringLocationTypes": [
        "Good Rod"
      ],
      "minLevel": 32,
      "maxLevel": 40,
      "typeID": "pokemon",
      "condition": {
        "times": [
          "NIGHT"
        ],
        "stringBiomes": [
          "freezing"
        ]
      },
      "anticondition": {
        "stringBiomes": [
          "freezing forests"
        ]
      },
      "rarity": 30.0
    },
    {
      "spec": "species:Sealeo",
      "stringLocationTypes": [
        "Super Rod"
      ],
      "minLevel": 35,
      "maxLevel": 43,
      "typeID": "pokemon",
      "condition": {
        "times": [
          "NIGHT"
        ],
        "stringBiomes": [
          "freezing"
        ]
      },
      "anticondition": {
        "stringBiomes": [
          "freezing forests"
        ]
      },
      "rarity": 60.0
    },
    {
      "spec": "species:Walrein",
      "stringLocationTypes": [
        "Super Rod"
      ],
      "minLevel": 48,
      "maxLevel": 57,
      "typeID": "pokemon",
      "condition": {
        "times": [
          "NIGHT"
        ],
        "stringBiomes": [
          "freezing"
        ]
      },
      "anticondition": {
        "stringBiomes": [
          "freezing forests"
        ]
      },
      "rarity": 6.0
    }
  ]
}