{
  "id": "Tentacool Line Fishing",
  "spawnInfos": [
    {
      "spec": "species:Tentacool",
      "stringLocationTypes": [
        "Old Rod"
      ],
      "minLevel": 5,
      "maxLevel": 24,
      "typeID": "pokemon",
      "heldItems": [
        {
          "itemID": "pixelmon:poison_barb",
          "percentChance": 5
        }
      ],
      "condition": {
        "times": [
          "DAY"
        ],
        "stringBiomes": [
          "oceanic"
        ]
      },
      "rarity": 130.0
    },
    {
      "spec": "species:Tentacool",
      "stringLocationTypes": [
        "Good Rod"
      ],
      "minLevel": 5,
      "maxLevel": 24,
      "typeID": "pokemon",
      "heldItems": [
        {
          "itemID": "pixelmon:poison_barb",
          "percentChance": 5
        }
      ],
      "condition": {
        "times": [
          "DAY"
        ],
        "stringBiomes": [
          "oceanic"
        ]
      },
      "rarity": 60.0
    },
    {
      "spec": "species:Tentacruel",
      "stringLocationTypes": [
        "Good Rod"
      ],
      "minLevel": 30,
      "maxLevel": 42,
      "typeID": "pokemon",
      "heldItems": [
        {
          "itemID": "pixelmon:poison_barb",
          "percentChance": 5
        }
      ],
      "condition": {
        "times": [
          "DAY"
        ],
        "stringBiomes": [
          "oceanic",
          "pixelmon:ultra_deep_sea"
        ]
      },
      "rarity": 5.0
    },
    {
      "spec": "species:Tentacruel",
      "stringLocationTypes": [
        "Super Rod"
      ],
      "minLevel": 30,
      "maxLevel": 42,
      "typeID": "pokemon",
      "heldItems": [
        {
          "itemID": "pixelmon:poison_barb",
          "percentChance": 5
        }
      ],
      "condition": {
        "times": [
          "DAY"
        ],
        "stringBiomes": [
          "oceanic",
          "pixelmon:ultra_deep_sea"
        ]
      },
      "rarity": 20.0
    }
  ]
}