{
  "id": "Torkoal Fishing",
  "spawnInfos": [
    {
      "spec": "species:Torkoal",
      "stringLocationTypes": [
        "Good Rod Lava"
      ],
      "minLevel": 15,
      "maxLevel": 25,
      "typeID": "pokemon",
      "heldItems": [
        {
          "itemID": "pixelmon:charcoal",
          "percentChance": 5
        }
      ],
      "condition": {
        "stringBiomes": [
          "arid",
          "savannas",
          "mesas",
          "mountainous",
          "biomesoplenty:volcano",
          "biomesoplenty:volcanic_plains",
          "hellish",
          "pixelmon:ultra_desert"
        ]
      },
      "rarity": 20.0
    },
    {
      "spec": "species:Torkoal",
      "stringLocationTypes": [
        "Super Rod Lava"
      ],
      "minLevel": 25,
      "maxLevel": 35,
      "typeID": "pokemon",
      "heldItems": [
        {
          "itemID": "pixelmon:charcoal",
          "percentChance": 5
        }
      ],
      "condition": {
        "stringBiomes": [
          "arid",
          "savannas",
          "mesas",
          "mountainous",
          "biomesoplenty:volcano",
          "biomesoplenty:volcanic_plains",
          "hellish",
          "pixelmon:ultra_desert"
        ]
      },
      "rarity": 80.0
    }
  ]
}
