{
  "id": "Totodile Line Fishing",
  "spawnInfos": [
    {
      "spec": "species:Totodile",
      "stringLocationTypes": [
        "Old Rod"
      ],
      "minLevel": 10,
      "maxLevel": 16,
      "typeID": "pokemon",
      "condition": {
        "stringBiomes": [
          "lakes",
          "minecraft:river"
        ]
      },
      "rarity": 0.5
    },
    {
      "spec": "species:Totodile",
      "stringLocationTypes": [
        "Good Rod"
      ],
      "minLevel": 15,
      "maxLevel": 25,
      "typeID": "pokemon",
      "condition": {
        "stringBiomes": [
          "lakes",
          "minecraft:river"
        ]
      },
      "rarity": 5.0
    },
    {
      "spec": "species:Croconaw",
      "stringLocationTypes": [
        "Good Rod"
      ],
      "minLevel": 20,
      "maxLevel": 30,
      "typeID": "pokemon",
      "condition": {
        "stringBiomes": [
          "lakes",
          "minecraft:river"
        ]
      },
      "rarity": 0.3
    },
    {
      "spec": "species:Croconaw",
      "stringLocationTypes": [
        "Super Rod"
      ],
      "minLevel": 30,
      "maxLevel": 45,
      "typeID": "pokemon",
      "condition": {
        "stringBiomes": [
          "lakes",
          "minecraft:river"
        ]
      },
      "rarity": 20.0
    },
    {
      "spec": "species:Feraligatr",
      "stringLocationTypes": [
        "Super Rod"
      ],
      "minLevel": 36,
      "maxLevel": 50,
      "typeID": "pokemon",
      "condition": {
        "stringBiomes": [
          "lakes",
          "minecraft:river"
        ]
      },
      "rarity": 5.0
    }
  ]
}