{
  "id": "Turtonator Fishing",
  "spawnInfos": [
    {
      "spec": "species:Turtonator",
      "stringLocationTypes": [
        "Super Rod Lava"
      ],
      "minLevel": 20,
      "maxLevel": 55,
      "typeID": "pokemon",
      "heldItems": [
        {
          "itemID": "pixelmon:charcoal",
          "percentChance": 5
        }
      ],
      "condition": {
        "stringBiomes": [
          "mesas",
          "biomesoplenty:volcano",
          "biomesoplenty:volcanic_plains",
          "hellish"
        ]
      },
      "rarity": 7.0
    }
  ]
}
