{
  "id": "Wailmer Line Fishing",
  "spawnInfos": [
    {
      "spec": "species:Wailmer",
      "stringLocationTypes": [
        "Good Rod"
      ],
      "minLevel": 25,
      "maxLevel": 39,
      "typeID": "pokemon",
      "condition": {
        "stringBiomes": [
          "oceanic"
        ]
      },
      "rarity": 60.0
    },
    {
      "spec": "species:Wailmer",
      "stringLocationTypes": [
        "Super Rod"
      ],
      "minLevel": 25,
      "maxLevel": 39,
      "typeID": "pokemon",
      "condition": {
        "stringBiomes": [
          "oceanic",
          "beaches"
        ]
      },
      "rarity": 100.0
    },
    {
      "spec": "species:Wailord",
      "stringLocationTypes": [
        "Super Rod"
      ],
      "minLevel": 40,
      "maxLevel": 55,
      "typeID": "pokemon",
      "condition": {
        "times": [
          "MORNING"
        ],
        "stringBiomes": [
          "oceanic"
        ]
      },
      "rarity": 1.0
    }
  ]
}