{
    "id": "Wooper Line Fishing",
    "spawnInfos": [
      {
        "spec": "species:Wooper",
        "stringLocationTypes": [
          "Old Rod"
        ],
        "minLevel": 5,
        "maxLevel": 15,
        "typeID": "pokemon",
        "condition": {
          "times": [
            "DAY",
            "DUSK"
          ],
          "stringBiomes": [
            "minecraft:river",
            "swamps",
            "lakes"
          ]
        },
        "rarity": 9.0
      },
      {
        "spec": "species:Wooper",
        "stringLocationTypes": [
          "Good Rod"
        ],
        "minLevel": 10,
        "maxLevel": 20,
        "typeID": "pokemon",
        "condition": {
          "times": [
            "DAY",
            "DUSK"
          ],
          "stringBiomes": [
            "minecraft:river",
            "swamps",
            "lakes"
          ]
        },
        "rarity": 15.0
      },
      {
        "spec": "species:Wooper form:paldean",
        "stringLocationTypes": [
          "Old Rod"
        ],
        "minLevel": 5,
        "maxLevel": 15,
        "typeID": "pokemon",
        "condition": {
          "times": [
            "DAWN",
            "NIGHT"
          ],
          "stringBiomes": [
            "minecraft:river",
            "swamps",
            "lakes"
          ]
        },
        "rarity": 9.0
      },
      {
        "spec": "species:Wooper form:paldean",
        "stringLocationTypes": [
          "Good Rod"
        ],
        "minLevel": 10,
        "maxLevel": 20,
        "typeID": "pokemon",
        "condition": {
          "times": [
            "DAWN",
            "NIGHT"
          ],
          "stringBiomes": [
            "minecraft:river",
            "swamps",
            "lakes"
          ]
        },
        "rarity": 15.0
      },
      {
        "spec": "species:Quagsire",
        "stringLocationTypes": [
          "Good Rod"
        ],
        "minLevel": 25,
        "maxLevel": 40,
        "typeID": "pokemon",
        "condition": {
          "times": [
            "DAY",
            "DUSK"
          ],
          "stringBiomes": [
            "minecraft:river",
            "swamps",
            "lakes",
            "pixelmon:ultra_plant"
          ]
        },
        "rarity": 15.0
      },
      {
        "spec": "species:Quagsire",
        "stringLocationTypes": [
          "Super Rod"
        ],
        "minLevel": 35,
        "maxLevel": 50,
        "typeID": "pokemon",
        "condition": {
          "times": [
            "DAY",
            "DUSK"
          ],
          "stringBiomes": [
            "minecraft:river",
            "swamps",
            "lakes",
            "pixelmon:ultra_plant"
          ]
        },
        "rarity": 9.0
      },
      {
        "spec": "species:Clodsire",
        "stringLocationTypes": [
          "Good Rod"
        ],
        "minLevel": 25,
        "maxLevel": 40,
        "typeID": "pokemon",
        "condition": {
          "times": [
            "DAWN",
            "NIGHT"
          ],
          "stringBiomes": [
            "swamps",
            "pixelmon:ultra_plant"
          ]
        },
        "rarity": 15.0
      },
      {
        "spec": "species:Clodsire",
        "stringLocationTypes": [
          "Super Rod"
        ],
        "minLevel": 35,
        "maxLevel": 50,
        "typeID": "pokemon",
        "condition": {
          "times": [
            "DAWN",
            "NIGHT"
          ],
          "stringBiomes": [
            "swamps",
            "pixelmon:ultra_plant"
          ]
        },
        "rarity": 9.0
      }
    ]
  }
  