{
  "id": "Applin Line Grass",
  "spawnInfos": [
    {
      "spec": "species:Applin",
      "stringLocationTypes": [
        "Grass"
      ],
      "minLevel": 10,
      "maxLevel": 25,
      "typeID": "pokemon",
      "heldItems": [
        {
          "itemID": "pixelmon:tart_apple",
          "percentChance": 5
        },
        {
          "itemID": "pixelmon:sweet_apple",
          "percentChance": 5
        }
      ],
      "condition": {
        "times": [
          "DAY"
        ],
        "stringBiomes": [
          "forests"
        ]
      },
      "rarity": 50.0
    },
    {
      "spec": "species:Flapple",
      "stringLocationTypes": [
        "Grass"
      ],
      "minLevel": 30,
      "maxLevel": 50,
      "typeID": "pokemon",
      "condition": {
        "times": [
          "DAY"
        ],
        "stringBiomes": [
          "forests"
        ]
      },
      "rarity": 0.5
    },
    {
      "spec": "species:Appletun",
      "stringLocationTypes": [
        "Grass"
      ],
      "minLevel": 30,
      "maxLevel": 50,
      "typeID": "pokemon",
      "condition": {
        "times": [
          "DAY"
        ],
        "stringBiomes": [
          "forests"
        ]
      },
      "rarity": 0.5
    }
  ]
}