{
  "id": "Bagon Line Grass",
  "spawnInfos": [
    {
      "spec": "species:Bagon",
      "stringLocationTypes": [
        "Grass"
      ],
      "minLevel": 5,
      "maxLevel": 29,
      "typeID": "pokemon",
      "heldItems": [
        {
          "itemID": "pixelmon:dragon_fang",
          "percentChance": 5
        }
      ],
      "condition": {
        "times": [
          "NIGHT"
        ],
        "stringBiomes": [
          "mesas"
        ]
      },
      "rarity": 30.0
    },
    {
      "spec": "species:Shelgon",
      "stringLocationTypes": [
        "Grass"
      ],
      "minLevel": 30,
      "maxLevel": 45,
      "typeID": "pokemon",
      "heldItems": [
        {
          "itemID": "pixelmon:dragon_fang",
          "percentChance": 5
        }
      ],
      "condition": {
        "times": [
          "NIGHT"
        ],
        "stringBiomes": [
          "mesas"
        ]
      },
      "rarity": 6.0
    },
    {
      "spec": "species:Salamence",
      "stringLocationTypes": [
        "Grass"
      ],
      "minLevel": 50,
      "maxLevel": 60,
      "typeID": "pokemon",
      "heldItems": [
        {
          "itemID": "pixelmon:dragon_fang",
          "percentChance": 5
        }
      ],
      "condition": {
        "times": [
          "NIGHT"
        ],
        "stringBiomes": [
          "mesas"
        ]
      },
      "rarity": 0.1
    }
  ]
}