{
  "id": "Baltoy Line Grass",
  "spawnInfos": [
    {
      "spec": "species:Baltoy",
      "stringLocationTypes": [
        "Grass"
      ],
      "minLevel": 20,
      "maxLevel": 25,
      "typeID": "pokemon",
      "heldItems": [
        {
          "itemID": "pixelmon:light_clay",
          "percentChance": 5
        }
      ],
      "condition": {
        "times": [
          "DAWN",
          "DUSK"
        ],
        "stringBiomes": [
          "arid"
        ]
      },
      "rarity": 130.0
    },
    {
      "spec": "species:Claydol",
      "stringLocationTypes": [
        "Grass"
      ],
      "minLevel": 40,
      "maxLevel": 50,
      "typeID": "pokemon",
      "heldItems": [
        {
          "itemID": "pixelmon:light_clay",
          "percentChance": 5
        }
      ],
      "condition": {
        "times": [
          "DAWN",
          "DUSK"
        ],
        "stringBiomes": [
          "arid"
        ]
      },
      "rarity": 6.0
    }
  ]
}