{
  "id": "Beldum Line Grass",
  "spawnInfos": [
    {
      "spec": "species:Beldum",
      "stringLocationTypes": [
        "Grass"
      ],
      "minLevel": 5,
      "maxLevel": 20,
      "typeID": "pokemon",
      "heldItems": [
        {
          "itemID": "pixelmon:metal_coat",
          "percentChance": 5
        }
      ],
      "condition": {
        "times": [
          "DAY"
        ],
        "stringBiomes": [
          "mesas"
        ],
        "minY": 90
      },
      "rarity": 30.0
    },
    {
      "spec": "species:Beldum",
      "stringLocationTypes": [
        "Grass"
      ],
      "minLevel": 5,
      "maxLevel": 20,
      "typeID": "pokemon",
      "heldItems": [
        {
          "itemID": "pixelmon:metal_coat",
          "percentChance": 5
        }
      ],
      "condition": {
        "times": [
          "DAY"
        ],
        "stringBiomes": [
          "minecraft:ice_spikes"
        ],
        "minY": 90
      },
      "rarity": 9.0
    },
    {
      "spec": "species:Metang",
      "stringLocationTypes": [
        "Grass"
      ],
      "minLevel": 20,
      "maxLevel": 44,
      "typeID": "pokemon",
      "heldItems": [
        {
          "itemID": "pixelmon:metal_coat",
          "percentChance": 5
        }
      ],
      "condition": {
        "times": [
          "DAY"
        ],
        "stringBiomes": [
          "mesas"
        ],
        "minY": 90
      },
      "rarity": 6.0
    },
    {
      "spec": "species:Metang",
      "stringLocationTypes": [
        "Grass"
      ],
      "minLevel": 20,
      "maxLevel": 44,
      "typeID": "pokemon",
      "heldItems": [
        {
          "itemID": "pixelmon:metal_coat",
          "percentChance": 5
        }
      ],
      "condition": {
        "times": [
          "DAY"
        ],
        "stringBiomes": [
          "minecraft:ice_spikes"
        ],
        "minY": 90
      },
      "rarity": 5.0
    },
    {
      "spec": "species:Metagross",
      "stringLocationTypes": [
        "Grass"
      ],
      "minLevel": 50,
      "maxLevel": 60,
      "typeID": "pokemon",
      "heldItems": [
        {
          "itemID": "pixelmon:metal_coat",
          "percentChance": 5
        }
      ],
      "condition": {
        "times": [
          "DAWN",
          "DUSK"
        ],
        "stringBiomes": [
          "mesas"
        ],
        "minY": 90
      },
      "rarity": 0.1
    },
    {
      "spec": "species:Metagross",
      "stringLocationTypes": [
        "Grass"
      ],
      "minLevel": 50,
      "maxLevel": 60,
      "typeID": "pokemon",
      "heldItems": [
        {
          "itemID": "pixelmon:metal_coat",
          "percentChance": 5
        }
      ],
      "condition": {
        "times": [
          "DAWN",
          "DUSK"
        ],
        "stringBiomes": [
          "minecraft:ice_spikes"
        ],
        "minY": 90
      },
      "rarity": 0.1
    }
  ]
}