{
  "id": "Bellsprout Line Grass",
  "spawnInfos": [
    {
      "spec": "species:Bellsprout",
      "stringLocationTypes": [
        "Grass"
      ],
      "minLevel": 2,
      "maxLevel": 21,
      "typeID": "pokemon",
      "condition": {
        "times": [
          "DAWN",
          "MORNING"
        ],
        "stringBiomes": [
          "forests",
          "roofed",
          "jungles"
        ]
      },
      "rarity": 250.0
    },
    {
      "spec": "species:Weepinbell",
      "stringLocationTypes": [
        "Grass"
      ],
      "minLevel": 21,
      "maxLevel": 50,
      "typeID": "pokemon",
      "condition": {
        "times": [
          "DAY"
        ],
        "stringBiomes": [
          "forests",
          "roofed",
          "jungles"
        ]
      },
      "rarity": 40.0
    },
    {
      "spec": "species:Victreebel",
      "stringLocationTypes": [
        "Grass"
      ],
      "minLevel": 45,
      "maxLevel": 55,
      "typeID": "pokemon",
      "condition": {
        "times": [
          "DAY",
          "DUSK"
        ],
        "stringBiomes": [
          "forests",
          "roofed",
          "jungles"
        ]
      },
      "rarity": 0.5
    }
  ]
}