{
  "id": "Bidoof Line Grass",
  "spawnInfos": [
    {
      "spec": "species:Bidoof",
      "stringLocationTypes": [
        "Grass"
      ],
      "minLevel": 5,
      "maxLevel": 10,
      "typeID": "pokemon",
      "condition": {
        "times": [
          "DAWN",
          "MORNING"
        ],
        "stringBiomes": [
          "minecraft:river",
          "swamps",
          "lakes"
        ]
      },
      "rarity": 250.0
    },
    {
      "spec": "species:Bibarel",
      "stringLocationTypes": [
        "Grass"
      ],
      "minLevel": 20,
      "maxLevel": 30,
      "typeID": "pokemon",
      "condition": {
        "times": [
          "DAWN",
          "MORNING"
        ],
        "stringBiomes": [
          "minecraft:river",
          "swamps",
          "lakes"
        ]
      },
      "rarity": 30.0
    }
  ]
}