{
  "id": "Blipbug Line Grass",
  "spawnInfos": [
    {
      "spec": "species:Blipbug",
      "stringLocationTypes": [
        "Grass"
      ],
      "minLevel": 2,
      "maxLevel": 9,
      "typeID": "pokemon",
      "condition": {
        "times": [
          "NIGHT"
        ],
        "stringBiomes": [
          "taigas",
          "redwoods"
        ]
      },
      "rarity": 250.0
    },
    {
      "spec": "species:Dottler",
      "stringLocationTypes": [
        "Grass"
      ],
      "minLevel": 10,
      "maxLevel": 25,
      "typeID": "pokemon",
      "condition": {
        "times": [
          "NIGHT"
        ],
        "stringBiomes": [
          "taigas",
          "redwoods"
        ]
      },
      "rarity": 50.0
    },
    {
      "spec": "species:Orbeetle",
      "stringLocationTypes": [
        "Grass"
      ],
      "minLevel": 30,
      "maxLevel": 50,
      "typeID": "pokemon",
      "condition": {
        "times": [
          "DUSK",
          "DAWN"
        ],
        "stringBiomes": [
          "taigas",
          "redwoods"
        ]
      },
      "rarity": 0.5
    }
  ]
}