{
  "id": "Blitzle Line Grass",
  "spawnInfos": [
    {
      "spec": "species:Blitzle",
      "stringLocationTypes": [
        "Grass"
      ],
      "minLevel": 16,
      "maxLevel": 26,
      "typeID": "pokemon",
      "condition": {
        "times": [
          "DAWN",
          "DAY",
          "DUSK"
        ],
        "stringBiomes": [
          "savannas"
        ]
      },
      "rarity": 130.0
    },
    {
      "spec": "species:Zebstrika",
      "stringLocationTypes": [
        "Grass"
      ],
      "minLevel": 28,
      "maxLevel": 39,
      "typeID": "pokemon",
      "condition": {
        "times": [
          "DAWN",
          "DAY",
          "DUSK"
        ],
        "stringBiomes": [
          "savannas"
        ]
      },
      "rarity": 8.0
    }
  ]
}