{
  "id": "Bounsweet Line Grass",
  "spawnInfos": [
    {
      "spec": "species:Bounsweet",
      "stringLocationTypes": [
        "Grass"
      ],
      "minLevel": 5,
      "maxLevel": 17,
      "typeID": "pokemon",
      "condition": {
        "times": [
          "DAY"
        ],
        "stringBiomes": [
          "birches",
          "flowery"
        ]
      },
      "rarity": 130.0
    },
    {
      "spec": "species:Steenee",
      "stringLocationTypes": [
        "Grass"
      ],
      "minLevel": 18,
      "maxLevel": 34,
      "typeID": "pokemon",
      "condition": {
        "times": [
          "DAY"
        ],
        "stringBiomes": [
          "birches",
          "flowery"
        ]
      },
      "rarity": 8.0
    },
    {
      "spec": "species:Tsareena",
      "stringLocationTypes": [
        "Grass"
      ],
      "minLevel": 35,
      "maxLevel": 50,
      "typeID": "pokemon",
      "condition": {
        "times": [
          "DAWN",
          "DUSK"
        ],
        "stringBiomes": [
          "birches",
          "flowery"
        ]
      },
      "rarity": 0.5
    }
  ]
}