{
  "id": "Buizel Line Grass",
  "spawnInfos": [
    {
      "spec": "species:Buizel",
      "stringLocationTypes": [
        "Grass"
      ],
      "minLevel": 10,
      "maxLevel": 20,
      "typeID": "pokemon",
      "condition": {
        "times": [
          "AFTERNOON"
        ],
        "stringBiomes": [
          "minecraft:river",
          "lakes",
          "minecraft:stone_shore",
          "biomesoplenty:gravel_beach",
          "byg:rocky_beach"
        ]
      },
      "rarity": 130.0
    },
    {
      "spec": "species:Floatzel",
      "stringLocationTypes": [
        "Grass"
      ],
      "minLevel": 25,
      "maxLevel": 40,
      "typeID": "pokemon",
      "condition": {
        "times": [
          "AFTERNOON"
        ],
        "stringBiomes": [
          "minecraft:river",
          "lakes",
          "minecraft:stone_shore",
          "biomesoplenty:gravel_beach",
          "byg:rocky_beach"
        ]
      },
      "rarity": 8.0
    }
  ]
}