{
  "id": "Bunnelby Line Grass",
  "spawnInfos": [
    {
      "spec": "species:Bunnelby",
      "stringLocationTypes": [
        "Grass"
      ],
      "minLevel": 5,
      "maxLevel": 19,
      "typeID": "pokemon",
      "condition": {
        "times": [
          "DAY"
        ],
        "stringBiomes": [
          "hills"
        ]
      },
      "rarity": 250.0
    },
    {
      "spec": "species:Diggersby",
      "stringLocationTypes": [
        "Grass"
      ],
      "minLevel": 21,
      "maxLevel": 35,
      "typeID": "pokemon",
      "condition": {
        "times": [
          "DAY"
        ],
        "stringBiomes": [
          "hills"
        ]
      },
      "rarity": 8.0
    }
  ]
}