{
  "id": "Cacnea Line Grass",
  "spawnInfos": [
    {
      "spec": "species:Cacnea",
      "stringLocationTypes": [
        "Grass",
        "Sweet Scent"
      ],
      "minLevel": 20,
      "maxLevel": 25,
      "typeID": "pokemon",
      "heldItems": [
        {
          "itemID": "pixelmon:sticky_barb",
          "percentChance": 5
        }
      ],
      "condition": {
        "times": [
          "NIGHT"
        ],
        "stringBiomes": [
          "arid",
          "minecraft:badlands"
        ]
      },
      "rarityMultipliers": [
        {
          "multiplier": 2,
          "condition": {
            "neededNearbyBlocks": [
              "minecraft:cactus"
            ]
          }
        }
      ],
      "rarity": 130.0
    },
    {
      "spec": "species:Cacturne",
      "stringLocationTypes": [
        "Grass"
      ],
      "minLevel": 35,
      "maxLevel": 50,
      "typeID": "pokemon",
      "heldItems": [
        {
          "itemID": "pixelmon:sticky_barb",
          "percentChance": 5
        }
      ],
      "condition": {
        "times": [
          "NIGHT"
        ],
        "stringBiomes": [
          "arid",
          "minecraft:badlands"
        ]
      },
      "rarityMultipliers": [
        {
          "multiplier": 2,
          "condition": {
            "neededNearbyBlocks": [
              "minecraft:cactus"
            ]
          }
        }
      ],
      "rarity": 6.0
    }
  ]
}