{
  "id": "Chansey Line Grass",
  "spawnInfos": [
    {
      "spec": "species:Chansey",
      "stringLocationTypes": [
        "Grass"
      ],
      "minLevel": 15,
      "maxLevel": 50,
      "typeID": "pokemon",
      "heldItems": [
        {
          "itemID": "pixelmon:lucky_punch",
          "percentChance": 50
        }
      ],
      "condition": {
        "times": [
          "MORNING"
        ],
        "stringBiomes": [
          "savannas"
        ]
      },
      "rarity": 5.0
    },
    {
      "spec": "species:Blissey",
      "stringLocationTypes": [
        "Grass"
      ],
      "minLevel": 30,
      "maxLevel": 60,
      "typeID": "pokemon",
      "heldItems": [
        {
          "itemID": "pixelmon:lucky_egg",
          "percentChance": 100
        }
      ],
      "condition": {
        "times": [
          "MORNING"
        ],
        "stringBiomes": [
          "savannas"
        ]
      },
      "rarity": 0.1
    }
  ]
}