{
  "id": "Cherubi Line Grass",
  "spawnInfos": [
    {
      "spec": "species:Cherubi form:overcast",
      "stringLocationTypes": [
        "Grass"
      ],
      "minLevel": 5,
      "maxLevel": 15,
      "typeID": "pokemon",
      "condition": {
        "times": [
          "DAY"
        ],
        "stringBiomes": [
          "forests",
          "birches"
        ]
      },
      "rarity": 130.0
    },
    {
      "spec": "species:Cherrim form:sunshine",
      "stringLocationTypes": [
        "Grass"
      ],
      "minLevel": 25,
      "maxLevel": 35,
      "typeID": "pokemon",
      "heldItems": [
        {
          "itemID": "pixelmon:miracle_seed",
          "percentChance": 5
        }
      ],
      "condition": {
        "times": [
          "DAY"
        ],
        "weathers": [
          "RAIN",
          "STORM"
        ],
        "stringBiomes": [
          "forests",
          "birches"
        ]
      },
      "rarity": 6.0
    },
    {
      "spec": "species:Cherrim",
      "stringLocationTypes": [
        "Grass"
      ],
      "minLevel": 25,
      "maxLevel": 35,
      "typeID": "pokemon",
      "heldItems": [
        {
          "itemID": "pixelmon:miracle_seed",
          "percentChance": 5
        }
      ],
      "condition": {
        "times": [
          "DAY"
        ],
        "weathers": [
          "CLEAR"
        ],
        "stringBiomes": [
          "forests",
          "birches"
        ]
      },
      "rarity": 6.0
    }
  ]
}
