{
  "id": "Chespin Line Grass",
  "spawnInfos": [
    {
      "spec": "species:Chespin",
      "stringLocationTypes": [
        "Grass"
      ],
      "minLevel": 5,
      "maxLevel": 16,
      "typeID": "pokemon",
      "condition": {
        "times": [
          "DAY"
        ],
        "stringBiomes": [
          "birches",
          "taigas"
        ]
      },
      "rarity": 10.0
    },
    {
      "spec": "species:Quilladin",
      "stringLocationTypes": [
        "Grass"
      ],
      "minLevel": 16,
      "maxLevel": 36,
      "typeID": "pokemon",
      "condition": {
        "times": [
          "DAY"
        ],
        "stringBiomes": [
          "birches",
          "taigas"
        ]
      },
      "rarity": 1.0
    },
    {
      "spec": "species:Chesnaught",
      "stringLocationTypes": [
        "Grass"
      ],
      "minLevel": 36,
      "maxLevel": 50,
      "typeID": "pokemon",
      "condition": {
        "times": [
          "DAY"
        ],
        "stringBiomes": [
          "birches",
          "taigas"
        ]
      },
      "rarity": 1.0
    }
  ]
}