{
  "id": "Chewtle Line Grass",
  "spawnInfos": [
    {
      "spec": "species:Chewtle",
      "stringLocationTypes": [
        "Grass"
      ],
      "minLevel": 7,
      "maxLevel": 20,
      "typeID": "pokemon",
      "condition": {
        "stringBiomes": [
          "minecraft:river",
          "swamps",
          "lakes",
          "pixelmon:ultra_deep_sea"
        ]
      },
      "rarity": 100.0
    },
    {
      "spec": "species:Drednaw",
      "stringLocationTypes": [
        "Grass"
      ],
      "minLevel": 22,
      "maxLevel": 40,
      "typeID": "pokemon",
      "condition": {
        "stringBiomes": [
          "minecraft:river",
          "swamps",
          "lakes",
          "pixelmon:ultra_deep_sea"
        ]
      },
      "rarity": 10.0
    }
  ]
}