{
  "id": "Chikorita Line Grass",
  "spawnInfos": [
    {
      "spec": "species:Chikorita",
      "stringLocationTypes": [
        "Grass"
      ],
      "minLevel": 10,
      "maxLevel": 16,
      "typeID": "pokemon",
      "condition": {
        "times": [
          "DAY"
        ],
        "stringBiomes": [
          "plains",
          "flowery"
        ]
      },
      "rarityMultipliers": [
        {
          "multiplier": 2,
          "condition": {
            "weathers": [
              "CLEAR"
            ]
          }
        }
      ],
      "rarity": 10.0
    },
    {
      "spec": "species:Bayleef",
      "stringLocationTypes": [
        "Grass"
      ],
      "minLevel": 16,
      "maxLevel": 32,
      "typeID": "pokemon",
      "condition": {
        "times": [
          "DAY"
        ],
        "stringBiomes": [
          "plains",
          "flowery"
        ]
      },
      "rarityMultipliers": [
        {
          "multiplier": 2,
          "condition": {
            "weathers": [
              "CLEAR"
            ]
          }
        }
      ],
      "rarity": 1.0
    },
    {
      "spec": "species:Meganium",
      "stringLocationTypes": [
        "Grass"
      ],
      "minLevel": 32,
      "maxLevel": 50,
      "typeID": "pokemon",
      "condition": {
        "times": [
          "DAY"
        ],
        "stringBiomes": [
          "plains",
          "flowery"
        ]
      },
      "rarityMultipliers": [
        {
          "multiplier": 2,
          "condition": {
            "weathers": [
              "CLEAR"
            ]
          }
        }
      ],
      "rarity": 1.0
    }
  ]
}