{
  "id": "Chimchar Line Grass",
  "spawnInfos": [
    {
      "spec": "species:Chimchar",
      "stringLocationTypes": [
        "Grass"
      ],
      "minLevel": 5,
      "maxLevel": 13,
      "typeID": "pokemon",
      "condition": {
        "times": [
          "DAY"
        ],
        "stringBiomes": [
          "mountainous forests",
          "minecraft:snowy_taiga_mountains",
          "minecraft:snowy_taiga_hills",
          "byg:snowy_blue_taiga_hills",
          "byg:snowy_coniferous_forest_hills",
          "byg:snowy_deciduous_forest_hills",
          "byg:snowy_evergreen_hills"
        ]
      },
      "rarityMultipliers": [
        {
          "multiplier": 2,
          "condition": {
            "weathers": [
              "CLEAR"
            ]
          }
        }
      ],
      "rarity": 10.0
    },
    {
      "spec": "species:Monferno",
      "stringLocationTypes": [
        "Grass"
      ],
      "minLevel": 14,
      "maxLevel": 30,
      "typeID": "pokemon",
      "condition": {
        "times": [
          "DAY"
        ],
        "stringBiomes": [
          "mountainous forests",
          "minecraft:snowy_taiga_mountains",
          "minecraft:snowy_taiga_hills",
          "byg:snowy_blue_taiga_hills",
          "byg:snowy_coniferous_forest_hills",
          "byg:snowy_deciduous_forest_hills",
          "byg:snowy_evergreen_hills"
        ]
      },
      "rarityMultipliers": [
        {
          "multiplier": 2,
          "condition": {
            "weathers": [
              "CLEAR"
            ]
          }
        }
      ],
      "rarity": 1.0
    },
    {
      "spec": "species:Infernape",
      "stringLocationTypes": [
        "Grass"
      ],
      "minLevel": 36,
      "maxLevel": 50,
      "typeID": "pokemon",
      "condition": {
        "times": [
          "DAWN",
          "DUSK"
        ],
        "stringBiomes": [
          "mountainous forests",
          "minecraft:snowy_taiga_mountains",
          "minecraft:snowy_taiga_hills",
          "byg:snowy_blue_taiga_hills",
          "byg:snowy_coniferous_forest_hills",
          "byg:snowy_deciduous_forest_hills",
          "byg:snowy_evergreen_hills"
        ]
      },
      "rarityMultipliers": [
        {
          "multiplier": 2,
          "condition": {
            "weathers": [
              "CLEAR"
            ]
          }
        }
      ],
      "rarity": 1.0
    }
  ]
}
