{
  "id": "Clefairy Line Grass",
  "spawnInfos": [
    {
      "spec": "species:Clefairy",
      "stringLocationTypes": [
        "Grass"
      ],
      "minLevel": 15,
      "maxLevel": 50,
      "typeID": "pokemon",
      "heldItems": [
        {
          "itemID": "pixelmon:moon_stone",
          "percentChance": 5
        }
      ],
      "condition": {
        "times": [
          "DUSK",
          "NIGHT"
        ],
        "stringBiomes": [
          "mountainous"
        ],
        "minY": 70
      },
      "rarity": 8.0
    },
    {
      "spec": "species:Clefable",
      "stringLocationTypes": [
        "Grass"
      ],
      "minLevel": 38,
      "maxLevel": 50,
      "typeID": "pokemon",
      "heldItems": [
        {
          "itemID": "pixelmon:moon_stone",
          "percentChance": 5
        }
      ],
      "condition": {
        "times": [
          "DUSK",
          "NIGHT"
        ],
        "stringBiomes": [
          "mountainous"
        ],
        "minY": 70
      },
      "rarity": 0.5
    }
  ]
}