{
  "id": "Combee Line Grass",
  "spawnInfos": [
    {
      "spec": "species:Combee",
      "stringLocationTypes": [
        "Grass"
      ],
      "minLevel": 6,
      "maxLevel": 16,
      "typeID": "pokemon",
      "condition": {
        "times": [
          "DAWN",
          "DAY"
        ],
        "stringBiomes": [
          "flowery"
        ]
      },
      "rarity": 170.0
    },
    {
      "spec": "species:Vespiquen",
      "stringLocationTypes": [
        "Grass"
      ],
      "minLevel": 26,
      "maxLevel": 44,
      "typeID": "pokemon",
      "heldItems": [
        {
          "itemID": "pixelmon:poison_barb",
          "percentChance": 5
        }
      ],
      "condition": {
        "times": [
          "DAWN",
          "DAY"
        ],
        "stringBiomes": [
          "flowery"
        ]
      },
      "rarity": 0.5
    }
  ]
}