{
  "id": "Corphish Line Grass",
  "spawnInfos": [
    {
      "spec": "species:Corphish",
      "stringLocationTypes": [
        "Grass"
      ],
      "minLevel": 5,
      "maxLevel": 29,
      "typeID": "pokemon",
      "condition": {
        "stringBiomes": [
          "minecraft:river",
          "swamps",
          "lakes"
        ]
      },
      "rarity": 250.0
    },
    {
      "spec": "species:Crawdaunt",
      "stringLocationTypes": [
        "Grass"
      ],
      "minLevel": 30,
      "maxLevel": 55,
      "typeID": "pokemon",
      "condition": {
        "times": [
          "NIGHT"
        ],
        "stringBiomes": [
          "minecraft:river",
          "swamps",
          "lakes"
        ]
      },
      "rarity": 8.0
    }
  ]
}