{
  "id": "Crabrawler Line Grass",
  "spawnInfos": [
    {
      "spec": "species:Crabrawler",
      "stringLocationTypes": [
        "Grass"
      ],
      "minLevel": 15,
      "maxLevel": 35,
      "typeID": "pokemon",
      "heldItems": [
        {
          "itemID": "pixelmon:aspear_berry",
          "percentChance": 5
        }
      ],
      "condition": {
        "times": [
          "DAY"
        ],
        "stringBiomes": [
          "minecraft:beach",
          "biomesoplenty:tropic_beach",
          "byg:rainbow_beach",
          "byg:white_beach",
          "terraforged:warm_beach"
        ]
      },
      "rarity": 90.0
    },
    {
      "spec": "species:Crabominable",
      "stringLocationTypes": [
        "Grass"
      ],
      "minLevel": 15,
      "maxLevel": 35,
      "typeID": "pokemon",
      "heldItems": [
        {
          "itemID": "pixelmon:cheri_berry",
          "percentChance": 5
        }
      ],
      "condition": {
        "times": [
          "NIGHT"
        ],
        "stringBiomes": [
          "minecraft:snowy_beach",
          "byg:snowy_black_beach",
          "byg:snowy_rocky_black_beach"
        ]
      },
      "rarity": 0.5
    }
  ]
}