{
  "id": "Croagunk Line Grass",
  "spawnInfos": [
    {
      "spec": "species:Croagunk",
      "stringLocationTypes": [
        "Grass"
      ],
      "minLevel": 25,
      "maxLevel": 36,
      "typeID": "pokemon",
      "heldItems": [
        {
          "itemID": "pixelmon:black_sludge",
          "percentChance": 5
        }
      ],
      "condition": {
        "times": [
          "AFTERNOON",
          "DUSK",
          "NIGHT"
        ],
        "stringBiomes": [
          "swamps",
          "minecraft:river",
          "lakes",
          "pixelmon:ultra_deep_sea"
        ]
      },
      "rarity": 130.0
    },
    {
      "spec": "species:Toxicroak",
      "stringLocationTypes": [
        "Grass"
      ],
      "minLevel": 38,
      "maxLevel": 49,
      "typeID": "pokemon",
      "heldItems": [
        {
          "itemID": "pixelmon:black_sludge",
          "percentChance": 5
        }
      ],
      "condition": {
        "times": [
          "AFTERNOON",
          "DUSK",
          "NIGHT"
        ],
        "stringBiomes": [
          "swamps",
          "minecraft:river",
          "lakes",
          "pixelmon:ultra_deep_sea"
        ]
      },
      "rarity": 6.0
    }
  ]
}