{
  "id": "Cryogonal Grass",
  "spawnInfos": [
    {
      "spec": "species:Cryogonal",
      "stringLocationTypes": [
        "Grass"
      ],
      "minLevel": 10,
      "maxLevel": 30,
      "typeID": "pokemon",
      "heldItems": [
        {
          "itemID": "pixelmon:never_melt_ice",
          "percentChance": 5
        }
      ],
      "condition": {
        "times": [
          "MORNING"
        ],
        "weathers": [
          "RAIN",
          "STORM"
        ],
        "stringBiomes": [
          "freezing"
        ]
      },
      "rarity": 8.0
    },
    {
      "spec": "species:Cryogonal",
      "stringLocationTypes": [
        "Grass"
      ],
      "minLevel": 10,
      "maxLevel": 30,
      "typeID": "pokemon",
      "heldItems": [
        {
          "itemID": "pixelmon:never_melt_ice",
          "percentChance": 5
        }
      ],
      "condition": {
        "times": [
          "MORNING"
        ],
        "weathers": [
          "RAIN",
          "STORM"
        ],
        "stringBiomes": [
          "mountainous"
        ],
        "minY": 150
      },
      "rarity": 6.0
    }
  ]
}