{
  "id": "Cubchoo Line Grass",
  "spawnInfos": [
    {
      "spec": "species:Cubchoo",
      "stringLocationTypes": [
        "Grass"
      ],
      "minLevel": 22,
      "maxLevel": 37,
      "typeID": "pokemon",
      "condition": {
        "stringBiomes": [
          "minecraft:frozen_river",
          "minecraft:frozen_ocean",
          "minecraft:snowy_beach",
          "minecraft:snowy_tundra",
          "minecraft:ice_spikes",
          "biomesoplenty:tundra",
          "biomesoplenty:tundra_basin",
          "biomesoplenty:tundra_bog",
          "byg:frozen_lake",
          "byg:shattered_glacier",
          "terraforged:frozen_lake"
        ]
      },
      "rarity": 250.0
    },
    {
      "spec": "species:Beartic",
      "stringLocationTypes": [
        "Grass"
      ],
      "minLevel": 38,
      "maxLevel": 50,
      "typeID": "pokemon",
      "condition": {
        "stringBiomes": [
          "minecraft:frozen_river",
          "minecraft:frozen_ocean",
          "minecraft:snowy_beach",
          "minecraft:snowy_tundra",
          "minecraft:ice_spikes",
          "biomesoplenty:tundra",
          "biomesoplenty:tundra_basin",
          "biomesoplenty:tundra_bog",
          "byg:frozen_lake",
          "byg:shattered_glacier",
          "terraforged:frozen_lake"
        ]
      },
      "rarity": 6.0
    }
  ]
}