{
  "id": "Cubone Line Grass",
  "spawnInfos": [
    {
      "spec": "species:Cubone",
      "stringLocationTypes": [
        "Grass"
      ],
      "minLevel": 10,
      "maxLevel": 28,
      "typeID": "pokemon",
      "heldItems": [
        {
          "itemID": "pixelmon:thick_club",
          "percentChance": 5
        }
      ],
      "condition": {
        "times": [
          "DUSK",
          "NIGHT"
        ],
        "stringBiomes": [
          "arid",
          "mesas"
        ]
      },
      "rarity": 130.0
    },
    {
      "spec": "species:Marowak",
      "stringLocationTypes": [
        "Grass"
      ],
      "minLevel": 28,
      "maxLevel": 50,
      "typeID": "pokemon",
      "heldItems": [
        {
          "itemID": "pixelmon:thick_club",
          "percentChance": 5
        }
      ],
      "condition": {
        "times": [
          "DUSK",
          "NIGHT"
        ],
        "stringBiomes": [
          "arid",
          "mesas"
        ]
      },
      "rarity": 8.0
    },
    {
      "spec": "species:Marowak form:alolan",
      "stringLocationTypes": [
        "Grass"
      ],
      "minLevel": 28,
      "maxLevel": 50,
      "typeID": "pokemon",
      "heldItems": [
        {
          "itemID": "pixelmon:thick_club",
          "percentChance": 5
        }
      ],
      "condition": {
        "times": [
          "NIGHT"
        ],
        "stringBiomes": [
          "minecraft:wooded_badlands_plateau",
          "biomesoplenty:volcano",
          "biomesoplenty:volcanic_plains"
        ]
      },
      "rarity": 0.1
    }
  ]
}
