{
  "id": "Cufant Line Grass",
  "spawnInfos": [
    {
      "spec": "species:Cufant",
      "stringLocationTypes": [
        "Grass"
      ],
      "minLevel": 15,
      "maxLevel": 32,
      "typeID": "pokemon",
      "condition": {
        "times": [
          "DAWN",
          "DAY"
        ],
        "stringBiomes": [
          "savannas"
        ]
      },
      "rarity": 130.0
    },
    {
      "spec": "species:Copperajah",
      "stringLocationTypes": [
        "Grass"
      ],
      "minLevel": 35,
      "maxLevel": 50,
      "typeID": "pokemon",
      "condition": {
        "times": [
          "DAWN",
          "DAY"
        ],
        "stringBiomes": [
          "savannas"
        ]
      },
      "rarity": 10.0
    }
  ]
}