{
  "id": "Cutiefly Line Grass",
  "spawnInfos": [
    {
      "spec": "species:Cutiefly",
      "stringLocationTypes": [
        "Grass"
      ],
      "minLevel": 5,
      "maxLevel": 24,
      "typeID": "pokemon",
      "condition": {
        "times": [
          "DAWN",
          "MORNING"
        ],
        "stringBiomes": [
          "flowery"
        ]
      },
      "rarity": 130.0
    },
    {
      "spec": "species:Ribombee",
      "stringLocationTypes": [
        "Grass"
      ],
      "minLevel": 25,
      "maxLevel": 45,
      "typeID": "pokemon",
      "condition": {
        "times": [
          "DAWN",
          "MORNING"
        ],
        "stringBiomes": [
          "flowery"
        ]
      },
      "rarity": 6.0
    }
  ]
}