{
  "id": "Cyndaquil Line Grass",
  "spawnInfos": [
    {
      "spec": "species:Cyndaquil",
      "stringLocationTypes": [
        "Grass"
      ],
      "minLevel": 9,
      "maxLevel": 14,
      "typeID": "pokemon",
      "condition": {
        "times": [
          "DAY"
        ],
        "stringBiomes": [
          "mesas",
          "biomesoplenty:burnt_forest"
        ]
      },
      "rarity": 10.0
    },
    {
      "spec": "species:Quilava",
      "stringLocationTypes": [
        "Grass"
      ],
      "minLevel": 14,
      "maxLevel": 36,
      "typeID": "pokemon",
      "condition": {
        "times": [
          "DAY"
        ],
        "stringBiomes": [
          "mesas",
          "biomesoplenty:burnt_forest"
        ]
      },
      "rarity": 1.0
    },
    {
      "spec": "species:Typhlosion",
      "stringLocationTypes": [
        "Grass"
      ],
      "minLevel": 36,
      "maxLevel": 50,
      "typeID": "pokemon",
      "condition": {
        "times": [
          "DAY"
        ],
        "stringBiomes": [
          "mesas",
          "biomesoplenty:burnt_forest"
        ]
      },
      "rarity": 1.0
    }
  ]
}