{
  "id": "Darumaka Line Grass",
  "spawnInfos": [
    {
      "spec": "species:Darumaka",
      "stringLocationTypes": [
        "Grass"
      ],
      "minLevel": 23,
      "maxLevel": 34,
      "typeID": "pokemon",
      "condition": {
        "times": [
          "DAWN",
          "DAY"
        ],
        "stringBiomes": [
          "minecraft:desert_hills",
          "biomesoplenty:lush_desert",
          "byg:dunes",
          "byg:mojave_desert",
          "byg:red_desert_dunes"
        ]
      },
      "rarity": 90.0
    },
    {
      "spec": "species:Darumaka form:galarian",
      "stringLocationTypes": [
        "Grass"
      ],
      "minLevel": 23,
      "maxLevel": 34,
      "typeID": "pokemon",
      "condition": {
        "times": [
          "DUSK",
          "NIGHT"
        ],
        "stringBiomes": [
          "freezing mountains"
        ]
      },
      "rarity": 25.0
    },
    {
      "spec": "species:Darmanitan",
      "stringLocationTypes": [
        "Grass"
      ],
      "minLevel": 36,
      "maxLevel": 50,
      "typeID": "pokemon",
      "condition": {
        "times": [
          "DAWN",
          "DAY"
        ],
        "stringBiomes": [
          "minecraft:desert_hills",
          "biomesoplenty:lush_desert",
          "byg:dunes",
          "byg:mojave_desert",
          "byg:red_desert_dunes"
        ]
      },
      "rarity": 0.5
    },
    {
      "spec": "species:Darmanitan form:galarian",
      "stringLocationTypes": [
        "Grass"
      ],
      "minLevel": 36,
      "maxLevel": 50,
      "typeID": "pokemon",
      "condition": {
        "times": [
          "DUSK",
          "NIGHT"
        ],
        "stringBiomes": [
          "freezing mountains"
        ]
      },
      "rarity": 0.5
    }
  ]
}
