{
  "id": "Drifloon Line Grass",
  "spawnInfos": [
    {
      "spec": "species:Drifloon",
      "stringLocationTypes": [
        "Grass"
      ],
      "minLevel": 15,
      "maxLevel": 24,
      "typeID": "pokemon",
      "condition": {
        "times": [
          "NIGHT"
        ],
        "stringBiomes": [
          "plains",
          "mountainous",
          "biomesoplenty:volcano",
          "biomesoplenty:volcanic_plains"
        ]
      },
      "rarity": 130.0
    },
    {
      "spec": "species:Drifblim",
      "stringLocationTypes": [
        "Grass"
      ],
      "minLevel": 30,
      "maxLevel": 40,
      "typeID": "pokemon",
      "condition": {
        "times": [
          "NIGHT"
        ],
        "stringBiomes": [
          "plains",
          "mountainous",
          "biomesoplenty:volcano",
          "biomesoplenty:volcanic_plains"
        ]
      },
      "rarity": 6.0
    }
  ]
}