{
  "id": "Drowzee Line Grass",
  "spawnInfos": [
    {
      "spec": "species:Drowzee",
      "stringLocationTypes": [
        "Grass"
      ],
      "minLevel": 15,
      "maxLevel": 26,
      "typeID": "pokemon",
      "condition": {
        "times": [
          "NIGHT"
        ],
        "stringBiomes": [
          "taigas",
          "swamps",
          "lakes"
        ]
      },
      "rarity": 100.0
    },
    {
      "spec": "species:Hypno",
      "stringLocationTypes": [
        "Grass"
      ],
      "minLevel": 26,
      "maxLevel": 50,
      "typeID": "pokemon",
      "condition": {
        "times": [
          "NIGHT"
        ],
        "stringBiomes": [
          "taigas",
          "swamps",
          "lakes"
        ]
      },
      "rarity": 5.0
    }
  ]
}