{
  "id": "Ducklett Line Grass",
  "spawnInfos": [
    {
      "spec": "species:Ducklett",
      "stringLocationTypes": [
        "Grass"
      ],
      "minLevel": 20,
      "maxLevel": 34,
      "typeID": "pokemon",
      "condition": {
        "times": [
          "DAY"
        ],
        "stringBiomes": [
          "minecraft:river",
          "swamps",
          "lakes"
        ]
      },
      "rarity": 130.0
    },
    {
      "spec": "species:Swanna",
      "stringLocationTypes": [
        "Grass"
      ],
      "minLevel": 36,
      "maxLevel": 47,
      "typeID": "pokemon",
      "condition": {
        "times": [
          "DAY"
        ],
        "stringBiomes": [
          "minecraft:river",
          "swamps",
          "lakes"
        ]
      },
      "rarity": 6.0
    }
  ]
}