{
  "id": "Eevee Line Grass",
  "spawnInfos": [
    {
      "spec": "species:Eevee",
      "stringLocationTypes": [
        "Grass"
      ],
      "minLevel": 10,
      "maxLevel": 15,
      "typeID": "pokemon",
      "condition": {
        "times": [
          "DAY"
        ],
        "stringBiomes": [
          "birches"
        ]
      },
      "rarity": 30.0
    },
    {
      "spec": "species:Vaporeon",
      "stringLocationTypes": [
        "Grass"
      ],
      "minLevel": 35,
      "maxLevel": 50,
      "typeID": "pokemon",
      "condition": {
        "times": [
          "DAY"
        ],
        "stringBiomes": [
          "minecraft:beach",
          "biomesoplenty:tropic_beach",
          "byg:rainbow_beach",
          "byg:white_beach",
          "terraforged:warm_beach"
        ]
      },
      "rarity": 0.5
    },
    {
      "spec": "species:Jolteon",
      "stringLocationTypes": [
        "Grass"
      ],
      "minLevel": 35,
      "maxLevel": 50,
      "typeID": "pokemon",
      "condition": {
        "times": [
          "NIGHT"
        ],
        "stringBiomes": [
          "savannas"
        ]
      },
      "rarity": 0.5
    },
    {
      "spec": "species:Flareon",
      "stringLocationTypes": [
        "Grass"
      ],
      "minLevel": 35,
      "maxLevel": 50,
      "typeID": "pokemon",
      "condition": {
        "times": [
          "AFTERNOON"
        ],
        "stringBiomes": [
          "mesas"
        ]
      },
      "rarity": 0.5
    },
    {
      "spec": "species:Espeon",
      "stringLocationTypes": [
        "Grass"
      ],
      "minLevel": 35,
      "maxLevel": 50,
      "typeID": "pokemon",
      "condition": {
        "times": [
          "MORNING"
        ],
        "stringBiomes": [
          "plains",
          "magical"
        ]
      },
      "rarity": 0.5
    },
    {
      "spec": "species:Umbreon",
      "stringLocationTypes": [
        "Grass"
      ],
      "minLevel": 45,
      "maxLevel": 50,
      "typeID": "pokemon",
      "condition": {
        "times": [
          "MIDNIGHT"
        ],
        "stringBiomes": [
          "plains",
          "evil"
        ]
      },
      "rarity": 0.5
    },
    {
      "spec": "species:Leafeon",
      "stringLocationTypes": [
        "Grass"
      ],
      "minLevel": 45,
      "maxLevel": 50,
      "typeID": "pokemon",
      "condition": {
        "neededNearbyBlocks": [
          "pixelmon:moss_rock"
        ],
        "stringBiomes": [
          "forests",
          "birches",
          "roofed"
        ]
      },
      "rarity": 0.5
    },
    {
      "spec": "species:Glaceon",
      "stringLocationTypes": [
        "Grass"
      ],
      "minLevel": 45,
      "maxLevel": 50,
      "typeID": "pokemon",
      "condition": {
        "neededNearbyBlocks": [
          "pixelmon:ice_rock"
        ],
        "weathers": [
          "RAIN"
        ],
        "stringBiomes": [
          "freezing"
        ]
      },
      "rarity": 0.5
    },
    {
      "spec": "species:Sylveon",
      "stringLocationTypes": [
        "Grass"
      ],
      "minLevel": 32,
      "maxLevel": 44,
      "typeID": "pokemon",
      "condition": {
        "times": [
          "MORNING"
        ],
        "stringBiomes": [
          "flowery"
        ]
      },
      "rarity": 0.5
    }
  ]
}
