{
  "id": "Ekans Line Grass",
  "spawnInfos": [
    {
      "spec": "species:Ekans",
      "stringLocationTypes": [
        "Grass"
      ],
      "minLevel": 10,
      "maxLevel": 22,
      "typeID": "pokemon",
      "condition": {
        "stringBiomes": [
          "plains",
          "savannas",
          "swamps",
          "evil"
        ]
      },
      "rarity": 250.0
    },
    {
      "spec": "species:Arbok",
      "stringLocationTypes": [
        "Grass"
      ],
      "minLevel": 22,
      "maxLevel": 50,
      "typeID": "pokemon",
      "condition": {
        "stringBiomes": [
          "plains",
          "savannas",
          "swamps",
          "evil"
        ]
      },
      "rarity": 8.0
    },
    {
      "spec": "species:Arbok palette:main_circular",
      "stringLocationTypes": [
        "Grass"
      ],
      "minLevel": 22,
      "maxLevel": 50,
      "typeID": "pokemon",
      "condition": {
        "stringBiomes": [
          "savannas"
        ]
      },
      "rarity": 8.0
    },
    {
      "spec": "species:Arbok palette:secondary_circular",
      "stringLocationTypes": [
        "Grass"
      ],
      "minLevel": 22,
      "maxLevel": 50,
      "typeID": "pokemon",
      "condition": {
        "stringBiomes": [
          "swamps"
        ]
      },
      "rarity": 8.0
    },
    {
      "spec": "species:Arbok palette:dark",
      "stringLocationTypes": [
        "Grass"
      ],
      "minLevel": 22,
      "maxLevel": 50,
      "typeID": "pokemon",
      "condition": {
        "stringBiomes": [
          "evil"
        ]
      },
      "rarity": 8.0
    }
  ]
}