{
  "id": "Electrike Line Grass",
  "spawnInfos": [
    {
      "spec": "species:Electrike",
      "stringLocationTypes": [
        "Grass"
      ],
      "minLevel": 10,
      "maxLevel": 25,
      "typeID": "pokemon",
      "condition": {
        "times": [
          "DAY"
        ],
        "stringBiomes": [
          "plains",
          "savannas"
        ]
      },
      "rarity": 250.0
    },
    {
      "spec": "species:Manectric",
      "stringLocationTypes": [
        "Grass"
      ],
      "minLevel": 40,
      "maxLevel": 50,
      "typeID": "pokemon",
      "condition": {
        "times": [
          "AFTERNOON"
        ],
        "stringBiomes": [
          "savannas",
          "plains"
        ]
      },
      "rarity": 8.0
    }
  ]
}
