{
  "id": "Flabebe Line Grass",
  "spawnInfos": [
    {
      "spec": "species:Flabebe",
      "stringLocationTypes": [
        "Grass"
      ],
      "minLevel": 6,
      "maxLevel": 18,
      "typeID": "pokemon",
      "condition": {
        "times": [
          "DAY"
        ],
        "stringBiomes": [
          "flowery",
          "magical"
        ]
      },
      "rarity": 130.0
    },
    {
      "spec": "species:Floette",
      "stringLocationTypes": [
        "Grass"
      ],
      "minLevel": 15,
      "maxLevel": 22,
      "typeID": "pokemon",
      "condition": {
        "times": [
          "DAY"
        ],
        "stringBiomes": [
          "flowery",
          "magical"
        ]
      },
      "rarity": 8.0
    },
    {
      "spec": "species:Florges",
      "stringLocationTypes": [
        "Grass"
      ],
      "minLevel": 34,
      "maxLevel": 49,
      "typeID": "pokemon",
      "condition": {
        "times": [
          "DAY"
        ],
        "stringBiomes": [
          "flowery",
          "magical"
        ]
      },
      "rarity": 0.5
    }
  ]
}