{
  "id": "Fletchling Line Grass",
  "spawnInfos": [
    {
      "spec": "species:Fletchling",
      "stringLocationTypes": [
        "Grass"
      ],
      "minLevel": 5,
      "maxLevel": 16,
      "typeID": "pokemon",
      "condition": {
        "times": [
          "DAY"
        ],
        "stringBiomes": [
          "birches",
          "freezing forests",
          "taigas"
        ]
      },
      "rarity": 300.0
    },
    {
      "spec": "species:Fletchinder",
      "stringLocationTypes": [
        "Grass"
      ],
      "minLevel": 18,
      "maxLevel": 34,
      "typeID": "pokemon",
      "condition": {
        "times": [
          "DAY"
        ],
        "stringBiomes": [
          "birches",
          "freezing forests",
          "taigas"
        ]
      },
      "rarity": 90.0
    },
    {
      "spec": "species:Talonflame",
      "stringLocationTypes": [
        "Grass"
      ],
      "minLevel": 36,
      "maxLevel": 49,
      "typeID": "pokemon",
      "condition": {
        "times": [
          "DAY"
        ],
        "stringBiomes": [
          "birches",
          "freezing forests",
          "taigas"
        ]
      },
      "rarity": 0.5
    }
  ]
}