{
  "id": "Fomantis Line Grass",
  "spawnInfos": [
    {
      "spec": "species:Fomantis",
      "stringLocationTypes": [
        "Grass"
      ],
      "minLevel": 10,
      "maxLevel": 30,
      "typeID": "pokemon",
      "heldItems": [
        {
          "itemID": "pixelmon:miracle_seed",
          "percentChance": 5
        }
      ],
      "condition": {
        "times": [
          "DAY"
        ],
        "stringBiomes": [
          "jungles"
        ]
      },
      "rarityMultipliers": [
        {
          "multiplier": 1.5,
          "condition": {
            "neededNearbyBlocks": [
              "minecraft:dandelion"
            ]
          }
        }
      ],
      "rarity": 40.0
    },
    {
      "spec": "species:Lurantis",
      "stringLocationTypes": [
        "Grass"
      ],
      "minLevel": 34,
      "maxLevel": 50,
      "typeID": "pokemon",
      "heldItems": [
        {
          "itemID": "pixelmon:miracle_seed",
          "percentChance": 5
        }
      ],
      "condition": {
        "times": [
          "DAWN",
          "DUSK"
        ],
        "stringBiomes": [
          "jungles"
        ]
      },
      "rarityMultipliers": [
        {
          "multiplier": 1.5,
          "condition": {
            "neededNearbyBlocks": [
              "minecraft:dandelion"
            ]
          }
        }
      ],
      "rarity": 0.5
    }
  ]
}