{
  "id": "Foongus Line Grass",
  "spawnInfos": [
    {
      "spec": "species:Foongus",
      "stringLocationTypes": [
        "Grass"
      ],
      "minLevel": 20,
      "maxLevel": 38,
      "typeID": "pokemon",
      "heldItems": [
        {
          "itemID": "pixelmon:big_mushroom",
          "percentChance": 5
        },
        {
          "itemID": "pixelmon:tiny_mushroom",
          "percentChance": 50
        }
      ],
      "condition": {
        "times": [
          "NIGHT",
          "DUSK"
        ],
        "stringBiomes": [
          "all forests",
          "mushroom"
        ]
      },
      "rarity": 170.0
    },
    {
      "spec": "species:Amoonguss",
      "stringLocationTypes": [
        "Grass"
      ],
      "minLevel": 40,
      "maxLevel": 55,
      "typeID": "pokemon",
      "heldItems": [
        {
          "itemID": "pixelmon:big_mushroom",
          "percentChance": 5
        },
        {
          "itemID": "pixelmon:tiny_mushroom",
          "percentChance": 50
        }
      ],
      "condition": {
        "times": [
          "NIGHT",
          "DUSK"
        ],
        "stringBiomes": [
          "all forests",
          "mushroom"
        ]
      },
      "rarity": 8.0
    }
  ]
}