{
  "id": "Gastly Line Grass",
  "spawnInfos": [
    {
      "spec": "species:Gastly",
      "stringLocationTypes": [
        "Grass"
      ],
      "minLevel": 8,
      "maxLevel": 25,
      "typeID": "pokemon",
      "condition": {
        "times": [
          "NIGHT"
        ],
        "stringBiomes": [
          "taigas",
          "roofed",
          "evil"
        ]
      },
      "rarity": 130.0
    },
    {
      "spec": "species:Haunter",
      "stringLocationTypes": [
        "Grass"
      ],
      "minLevel": 25,
      "maxLevel": 50,
      "typeID": "pokemon",
      "condition": {
        "times": [
          "NIGHT"
        ],
        "stringBiomes": [
          "taigas",
          "roofed",
          "evil"
        ]
      },
      "rarity": 8.0
    }
  ]
}