{
  "id": "Geodude Line Grass",
  "spawnInfos": [
    {
      "spec": "species:Geodude",
      "stringLocationTypes": [
        "Grass"
      ],
      "minLevel": 10,
      "maxLevel": 25,
      "typeID": "pokemon",
      "heldItems": [
        {
          "itemID": "pixelmon:ever_stone",
          "percentChance": 5
        }
      ],
      "condition": {
        "stringBiomes": [
          "arid",
          "mountainous",
          "mesas",
          "biomesoplenty:volcano",
          "biomesoplenty:volcanic_plains"
        ],
        "maxY": 80
      },
      "rarity": 250.0
    },
    {
      "spec": "species:Geodude form:alolan",
      "stringLocationTypes": [
        "Grass"
      ],
      "minLevel": 10,
      "maxLevel": 25,
      "typeID": "pokemon",
      "heldItems": [
        {
          "itemID": "pixelmon:cell_battery",
          "percentChance": 5
        }
      ],
      "condition": {
        "stringBiomes": [
          "minecraft:gravelly_mountains",
          "minecraft:shattered_savanna",
          "minecraft:shattered_savanna_plateau",
          "pixelmon:ultra_deep_sea"
        ]
      },
      "rarity": 40.0
    },
    {
      "spec": "species:Graveler",
      "stringLocationTypes": [
        "Grass"
      ],
      "minLevel": 25,
      "maxLevel": 36,
      "typeID": "pokemon",
      "heldItems": [
        {
          "itemID": "pixelmon:ever_stone",
          "percentChance": 5
        }
      ],
      "condition": {
        "stringBiomes": [
          "arid",
          "mountainous",
          "mesas",
          "biomesoplenty:volcano",
          "biomesoplenty:volcanic_plains"
        ],
        "maxY": 80
      },
      "rarity": 40.0
    },
    {
      "spec": "species:Graveler form:alolan",
      "stringLocationTypes": [
        "Grass"
      ],
      "minLevel": 25,
      "maxLevel": 36,
      "typeID": "pokemon",
      "heldItems": [
        {
          "itemID": "pixelmon:cell_battery",
          "percentChance": 5
        }
      ],
      "condition": {
        "stringBiomes": [
          "minecraft:gravelly_mountains",
          "minecraft:shattered_savanna",
          "minecraft:shattered_savanna_plateau",
          "pixelmon:ultra_deep_sea"
        ]
      },
      "rarity": 0.5
    }
  ]
}
