{
  "id": "Glameow Line Grass",
  "spawnInfos": [
    {
      "spec": "species:Glameow",
      "stringLocationTypes": [
        "Grass"
      ],
      "minLevel": 20,
      "maxLevel": 37,
      "typeID": "pokemon",
      "heldItems": [
        {
          "itemID": "pixelmon:soothe_bell",
          "percentChance": 5
        }
      ],
      "condition": {
        "times": [
          "NIGHT"
        ],
        "stringBiomes": [
          "plains"
        ]
      },
      "rarity": 170.0
    },
    {
      "spec": "species:Purugly",
      "stringLocationTypes": [
        "Grass"
      ],
      "minLevel": 39,
      "maxLevel": 50,
      "typeID": "pokemon",
      "heldItems": [
        {
          "itemID": "pixelmon:soothe_bell",
          "percentChance": 5
        }
      ],
      "condition": {
        "times": [
          "NIGHT"
        ],
        "stringBiomes": [
          "plains"
        ]
      },
      "rarity": 8.0
    }
  ]
}