{
  "id": "Goomy Line Grass",
  "spawnInfos": [
    {
      "spec": "species:Goomy",
      "stringLocationTypes": [
        "Grass"
      ],
      "minLevel": 22,
      "maxLevel": 39,
      "typeID": "pokemon",
      "heldItems": [
        {
          "itemID": "pixelmon:shed_skin",
          "percentChance": 5
        }
      ],
      "condition": {
        "times": [
          "NIGHT"
        ],
        "weathers": [
          "RAIN"
        ],
        "stringBiomes": [
          "swamps"
        ]
      },
      "rarity": 90.0
    },
    {
      "spec": "species:Sliggoo",
      "stringLocationTypes": [
        "Grass"
      ],
      "minLevel": 41,
      "maxLevel": 49,
      "typeID": "pokemon",
      "heldItems": [
        {
          "itemID": "pixelmon:shed_skin",
          "percentChance": 5
        }
      ],
      "condition": {
        "times": [
          "NIGHT"
        ],
        "weathers": [
          "RAIN"
        ],
        "stringBiomes": [
          "swamps"
        ]
      },
      "rarity": 6.0
    },
    {
      "spec": "species:Sliggoo form:hisuian",
      "stringLocationTypes": [
        "Grass"
      ],
      "minLevel": 41,
      "maxLevel": 49,
      "typeID": "pokemon",
      "heldItems": [
        {
          "itemID": "pixelmon:shed_shell",
          "percentChance": 5
        }
      ],
      "condition": {
        "times": [
          "NIGHT"
        ],
        "weathers": [
          "RAIN"
        ],
        "stringBiomes": [
          "swamps"
        ]
      },
      "rarity": 0.5
    },
    {
      "spec": "species:Goodra",
      "stringLocationTypes": [
        "Grass"
      ],
      "minLevel": 51,
      "maxLevel": 64,
      "typeID": "pokemon",
      "condition": {
        "times": [
          "NIGHT"
        ],
        "weathers": [
          "RAIN"
        ],
        "stringBiomes": [
          "swamps"
        ]
      },
      "rarity": 0.1
    },
    {
      "spec": "species:Goodra form:hisuian",
      "stringLocationTypes": [
        "Grass"
      ],
      "minLevel": 51,
      "maxLevel": 64,
      "typeID": "pokemon",
      "condition": {
        "times": [
          "NIGHT"
        ],
        "weathers": [
          "RAIN"
        ],
        "stringBiomes": [
          "swamps"
        ]
      },
      "rarity": 0.01
    }
  ]
}
