{
  "id": "Gossifleur Line Grass",
  "spawnInfos": [
    {
      "spec": "species:Gossifleur",
      "stringLocationTypes": [
        "Grass"
      ],
      "minLevel": 5,
      "maxLevel": 19,
      "typeID": "pokemon",
      "condition": {
        "times": [
          "DAY"
        ],
        "stringBiomes": [
          "flowery"
        ]
      },
      "rarity": 130.0
    },
    {
      "spec": "species:Eldegoss",
      "stringLocationTypes": [
        "Grass"
      ],
      "minLevel": 20,
      "maxLevel": 40,
      "typeID": "pokemon",
      "condition": {
        "times": [
          "DAY"
        ],
        "stringBiomes": [
          "flowery"
        ]
      },
      "rarity": 6.0
    }
  ]
}