{
  "id": "Grimer Line Grass",
  "spawnInfos": [
    {
      "spec": "species:Grimer",
      "stringLocationTypes": [
        "Grass"
      ],
      "minLevel": 10,
      "maxLevel": 38,
      "typeID": "pokemon",
      "heldItems": [
        {
          "itemID": "pixelmon:black_sludge",
          "percentChance": 5
        }
      ],
      "condition": {
        "times": [
          "DAWN",
          "DAY"
        ],
        "stringBiomes": [
          "swamps",
          "evil",
          "pixelmon:ultra_deep_sea",
          "byg:polluted_lake"
        ]
      },
      "rarity": 130.0
    },
    {
      "spec": "species:Grimer form:alolan",
      "stringLocationTypes": [
        "Grass"
      ],
      "minLevel": 10,
      "maxLevel": 38,
      "typeID": "pokemon",
      "heldItems": [
        {
          "itemID": "pixelmon:black_sludge",
          "percentChance": 5
        }
      ],
      "condition": {
        "times": [
          "DUSK",
          "NIGHT"
        ],
        "stringBiomes": [
          "swamps",
          "evil",
          "pixelmon:ultra_deep_sea",
          "byg:polluted_lake"
        ]
      },
      "rarity": 8.0
    },
    {
      "spec": "species:Muk",
      "stringLocationTypes": [
        "Grass"
      ],
      "minLevel": 38,
      "maxLevel": 50,
      "typeID": "pokemon",
      "heldItems": [
        {
          "itemID": "pixelmon:black_sludge",
          "percentChance": 50
        }
      ],
      "condition": {
        "times": [
          "DAWN",
          "DAY"
        ],
        "stringBiomes": [
          "swamps",
          "evil",
          "pixelmon:ultra_deep_sea",
          "byg:polluted_lake"
        ]
      },
      "rarity": 5.0
    },
    {
      "spec": "species:Muk form:alolan",
      "stringLocationTypes": [
        "Grass"
      ],
      "minLevel": 38,
      "maxLevel": 50,
      "typeID": "pokemon",
      "heldItems": [
        {
          "itemID": "pixelmon:black_sludge",
          "percentChance": 50
        }
      ],
      "condition": {
        "times": [
          "DUSK",
          "NIGHT"
        ],
        "stringBiomes": [
          "swamps",
          "evil",
          "pixelmon:ultra_deep_sea",
          "byg:polluted_lake"
        ]
      },
      "rarity": 0.1
    }
  ]
}
