{
  "id": "Grookey Line Grass",
  "spawnInfos": [
    {
      "spec": "species:Grookey",
      "stringLocationTypes": [
        "Grass"
      ],
      "minLevel": 10,
      "maxLevel": 15,
      "typeID": "pokemon",
      "condition": {
        "times": [
          "NIGHT"
        ],
        "stringBiomes": [
          "jungles"
        ]
      },
      "rarity": 5.0
    },
    {
      "spec": "species:Thwackey",
      "stringLocationTypes": [
        "Grass"
      ],
      "minLevel": 16,
      "maxLevel": 34,
      "typeID": "pokemon",
      "condition": {
        "times": [
          "NIGHT"
        ],
        "stringBiomes": [
          "jungles"
        ]
      },
      "rarity": 0.5
    },
    {
      "spec": "species:Rillaboom",
      "stringLocationTypes": [
        "Grass"
      ],
      "minLevel": 35,
      "maxLevel": 50,
      "typeID": "pokemon",
      "condition": {
        "times": [
          "NIGHT"
        ],
        "stringBiomes": [
          "jungles"
        ]
      },
      "rarity": 0.5
    }
  ]
}