{
  "id": "Growlithe Line Grass",
  "spawnInfos": [
    {
      "spec": "species:Growlithe",
      "stringLocationTypes": [
        "Grass"
      ],
      "minLevel": 5,
      "maxLevel": 17,
      "typeID": "pokemon",
      "condition": {
        "times": [
          "AFTERNOON"
        ],
        "weathers": [
          "CLEAR"
        ],
        "stringBiomes": [
          "savannas"
        ]
      },
      "rarity": 90.0
    },
    {
      "spec": "species:Growlithe form:hisuian",
      "stringLocationTypes": [
        "Grass"
      ],
      "minLevel": 5,
      "maxLevel": 17,
      "typeID": "pokemon",
      "condition": {
        "times": [
          "AFTERNOON"
        ],
        "weathers": [
          "CLEAR"
        ],
        "stringBiomes": [
          "minecraft:savanna_plateau",
          "minecraft:shattered_savanna",
          "minecraft:shattered_savanna_plateau"
        ]
      },
      "rarity": 5.0
    },
    {
      "spec": "species:Arcanine",
      "stringLocationTypes": [
        "Grass"
      ],
      "minLevel": 25,
      "maxLevel": 50,
      "typeID": "pokemon",
      "condition": {
        "times": [
          "AFTERNOON"
        ],
        "weathers": [
          "CLEAR"
        ],
        "stringBiomes": [
          "savannas"
        ]
      },
      "rarity": 0.5
    },
    {
      "spec": "species:Arcanine form:hisuian",
      "stringLocationTypes": [
        "Grass"
      ],
      "minLevel": 25,
      "maxLevel": 50,
      "typeID": "pokemon",
      "condition": {
        "times": [
          "AFTERNOON"
        ],
        "weathers": [
          "CLEAR"
        ],
        "stringBiomes": [
          "minecraft:savanna_plateau",
          "minecraft:shattered_savanna",
          "minecraft:shattered_savanna_plateau"
        ]
      },
      "rarity": 0.01
    }
  ]
}
