{
  "id": "Hawlucha Grass",
  "spawnInfos": [
    {
      "spec": "species:Hawlucha",
      "stringLocationTypes": [
        "Grass"
      ],
      "minLevel": 30,
      "maxLevel": 46,
      "typeID": "pokemon",
      "heldItems": [
        {
          "itemID": "pixelmon:kings_rock",
          "percentChance": 5
        }
      ],
      "condition": {
        "times": [
          "AFTERNOON"
        ],
        "stringBiomes": [
          "mountainous forests"
        ]
      },
      "rarity": 30.0
    }
  ]
}