{
  "id": "Helioptile Line Grass",
  "spawnInfos": [
    {
      "spec": "species:Helioptile",
      "stringLocationTypes": [
        "Grass"
      ],
      "minLevel": 15,
      "maxLevel": 24,
      "typeID": "pokemon",
      "condition": {
        "times": [
          "MORNING"
        ],
        "stringBiomes": [
          "arid"
        ]
      },
      "rarity": 130.0
    },
    {
      "spec": "species:Heliolisk",
      "stringLocationTypes": [
        "Grass"
      ],
      "minLevel": 25,
      "maxLevel": 37,
      "typeID": "pokemon",
      "condition": {
        "times": [
          "MORNING"
        ],
        "stringBiomes": [
          "arid"
        ]
      },
      "rarity": 6.0
    }
  ]
}