{
  "id": "Hippopotas Line Grass",
  "spawnInfos": [
    {
      "spec": "species:Hippopotas",
      "stringLocationTypes": [
        "Grass"
      ],
      "minLevel": 22,
      "maxLevel": 33,
      "typeID": "pokemon",
      "condition": {
        "times": [
          "MORNING"
        ],
        "stringBiomes": [
          "arid"
        ],
        "maxY": 80
      },
      "rarity": 170.0
    },
    {
      "spec": "species:Hippowdon",
      "stringLocationTypes": [
        "Grass"
      ],
      "minLevel": 35,
      "maxLevel": 46,
      "typeID": "pokemon",
      "condition": {
        "times": [
          "MORNING"
        ],
        "stringBiomes": [
          "arid"
        ],
        "maxY": 80
      },
      "rarity": 8.0
    }
  ]
}