{
  "id": "Impidimp Line Grass",
  "spawnInfos": [
    {
      "spec": "species:Impidimp",
      "stringLocationTypes": [
        "Grass"
      ],
      "minLevel": 10,
      "maxLevel": 30,
      "typeID": "pokemon",
      "condition": {
        "times": [
          "NIGHT"
        ],
        "stringBiomes": [
          "roofed",
          "biomesoplenty:mystic_grove",
          "biomesoplenty:mystic_plains",
          "byg:twilight_valley",
          "byg:twilight_valley_hills",
          "byg:weeping_witch_forest",
          "byg:weeping_witch_clearing"
        ]
      },
      "rarity": 100.0
    },
    {
      "spec": "species:Morgrem",
      "stringLocationTypes": [
        "Grass"
      ],
      "minLevel": 32,
      "maxLevel": 40,
      "typeID": "pokemon",
      "condition": {
        "times": [
          "NIGHT"
        ],
        "stringBiomes": [
          "roofed",
          "biomesoplenty:mystic_grove",
          "biomesoplenty:mystic_plains",
          "byg:twilight_valley",
          "byg:twilight_valley_hills",
          "byg:weeping_witch_forest",
          "byg:weeping_witch_clearing"
        ]
      },
      "rarity": 25.0
    },
    {
      "spec": "species:Grimmsnarl",
      "stringLocationTypes": [
        "Grass"
      ],
      "minLevel": 42,
      "maxLevel": 55,
      "typeID": "pokemon",
      "condition": {
        "times": [
          "NIGHT"
        ],
        "stringBiomes": [
          "roofed",
          "biomesoplenty:mystic_grove",
          "biomesoplenty:mystic_plains",
          "byg:twilight_valley",
          "byg:twilight_valley_hills",
          "byg:weeping_witch_forest",
          "byg:weeping_witch_clearing"
        ]
      },
      "rarity": 0.1
    }
  ]
}