{
  "id": "Inkay Line Grass",
  "spawnInfos": [
    {
      "spec": "species:Inkay",
      "stringLocationTypes": [
        "Grass"
      ],
      "minLevel": 18,
      "maxLevel": 29,
      "typeID": "pokemon",
      "condition": {
        "times": [
          "AFTERNOON"
        ],
        "stringBiomes": [
          "roofed"
        ]
      },
      "rarity": 90.0
    },
    {
      "spec": "species:Malamar",
      "stringLocationTypes": [
        "Grass"
      ],
      "minLevel": 31,
      "maxLevel": 45,
      "typeID": "pokemon",
      "condition": {
        "times": [
          "AFTERNOON"
        ],
        "stringBiomes": [
          "roofed"
        ]
      },
      "rarity": 0.5
    }
  ]
}