{
  "id": "Jigglypuff Line Grass",
  "spawnInfos": [
    {
      "spec": "species:Jigglypuff",
      "stringLocationTypes": [
        "Grass"
      ],
      "minLevel": 10,
      "maxLevel": 50,
      "typeID": "pokemon",
      "heldItems": [
        {
          "itemID": "pixelmon:moon_stone",
          "percentChance": 5
        }
      ],
      "condition": {
        "times": [
          "AFTERNOON",
          "DUSK"
        ],
        "stringBiomes": [
          "plains",
          "roofed"
        ]
      },
      "rarity": 8.0
    },
    {
      "spec": "species:Wigglytuff",
      "stringLocationTypes": [
        "Grass"
      ],
      "minLevel": 30,
      "maxLevel": 50,
      "typeID": "pokemon",
      "heldItems": [
        {
          "itemID": "pixelmon:moon_stone",
          "percentChance": 5
        }
      ],
      "condition": {
        "times": [
          "AFTERNOON",
          "DUSK"
        ],
        "stringBiomes": [
          "plains",
          "roofed"
        ]
      },
      "rarity": 0.5
    }
  ]
}