{
  "id": "Klink Line Grass",
  "spawnInfos": [
    {
      "spec": "species:Klink",
      "stringLocationTypes": [
        "Grass"
      ],
      "minLevel": 5,
      "maxLevel": 38,
      "typeID": "pokemon",
      "condition": {
        "times": [
          "DAWN",
          "MORNING"
        ],
        "stringBiomes": [
          "minecraft:snowy_mountains",
          "minecraft:gravelly_mountains"
        ]
      },
      "rarityMultipliers": [
        {
          "multiplier": 2,
          "condition": {
            "weathers": [
              "STORM"
            ]
          }
        }
      ],
      "rarity": 130.0
    },
    {
      "spec": "species:Klang",
      "stringLocationTypes": [
        "Grass"
      ],
      "minLevel": 38,
      "maxLevel": 48,
      "typeID": "pokemon",
      "condition": {
        "times": [
          "DAWN",
          "MORNING"
        ],
        "stringBiomes": [
          "minecraft:snowy_mountains",
          "minecraft:gravelly_mountains"
        ]
      },
      "rarityMultipliers": [
        {
          "multiplier": 2,
          "condition": {
            "weathers": [
              "STORM"
            ]
          }
        }
      ],
      "rarity": 8.0
    },
    {
      "spec": "species:Klinklang",
      "stringLocationTypes": [
        "Grass"
      ],
      "minLevel": 49,
      "maxLevel": 60,
      "typeID": "pokemon",
      "condition": {
        "times": [
          "DAWN",
          "MORNING"
        ],
        "stringBiomes": [
          "minecraft:snowy_mountains",
          "minecraft:gravelly_mountains"
        ]
      },
      "rarityMultipliers": [
        {
          "multiplier": 2,
          "condition": {
            "weathers": [
              "STORM"
            ]
          }
        }
      ],
      "rarity": 0.5
    }
  ]
}