{
  "id": "Krabby Line Grass",
  "spawnInfos": [
    {
      "spec": "species:Krabby",
      "stringLocationTypes": [
        "Grass"
      ],
      "minLevel": 15,
      "maxLevel": 28,
      "typeID": "pokemon",
      "condition": {
        "times": [
          "DAWN",
          "MORNING",
          "NIGHT"
        ],
        "stringBiomes": [
          "minecraft:ocean",
          "minecraft:warm_ocean",
          "beaches"
        ]
      },
      "rarity": 250.0
    },
    {
      "spec": "species:Kingler",
      "stringLocationTypes": [
        "Grass"
      ],
      "minLevel": 28,
      "maxLevel": 50,
      "typeID": "pokemon",
      "condition": {
        "times": [
          "DAWN",
          "MORNING",
          "NIGHT"
        ],
        "stringBiomes": [
          "minecraft:ocean",
          "minecraft:warm_ocean",
          "beaches"
        ]
      },
      "rarity": 8.0
    }
  ]
}