{
  "id": "Kricketot Line Grass",
  "spawnInfos": [
    {
      "spec": "species:Kricketot",
      "stringLocationTypes": [
        "Grass"
      ],
      "minLevel": 5,
      "maxLevel": 10,
      "typeID": "pokemon",
      "heldItems": [
        {
          "itemID": "pixelmon:metronome",
          "percentChance": 5
        }
      ],
      "condition": {
        "times": [
          "DAWN",
          "DUSK"
        ],
        "stringBiomes": [
          "all forests"
        ]
      },
      "rarity": 130.0
    },
    {
      "spec": "species:Kricketune",
      "stringLocationTypes": [
        "Grass"
      ],
      "minLevel": 15,
      "maxLevel": 25,
      "typeID": "pokemon",
      "heldItems": [
        {
          "itemID": "pixelmon:metronome",
          "percentChance": 5
        }
      ],
      "condition": {
        "times": [
          "DAWN",
          "DUSK"
        ],
        "stringBiomes": [
          "all forests"
        ]
      },
      "rarity": 8.0
    }
  ]
}