{
  "id": "Larvitar Line Grass",
  "spawnInfos": [
    {
      "spec": "species:Larvitar",
      "stringLocationTypes": [
        "Grass"
      ],
      "minLevel": 5,
      "maxLevel": 29,
      "typeID": "pokemon",
      "condition": {
        "times": [
          "NIGHT"
        ],
        "stringBiomes": [
          "mountainous",
          "mesas"
        ]
      },
      "rarity": 90.0
    },
    {
      "spec": "species:Pupitar",
      "stringLocationTypes": [
        "Grass"
      ],
      "minLevel": 30,
      "maxLevel": 54,
      "typeID": "pokemon",
      "condition": {
        "times": [
          "NIGHT"
        ],
        "stringBiomes": [
          "mountainous",
          "mesas"
        ]
      },
      "rarity": 6.0
    },
    {
      "spec": "species:Tyranitar",
      "stringLocationTypes": [
        "Grass"
      ],
      "minLevel": 55,
      "maxLevel": 75,
      "typeID": "pokemon",
      "condition": {
        "times": [
          "NIGHT"
        ],
        "stringBiomes": [
          "mountainous",
          "mesas"
        ]
      },
      "rarity": 0.1
    }
  ]
}