{
  "id": "Lickitung Line Grass",
  "spawnInfos": [
    {
      "spec": "species:Lickitung",
      "stringLocationTypes": [
        "Grass"
      ],
      "minLevel": 25,
      "maxLevel": 35,
      "typeID": "pokemon",
      "heldItems": [
        {
          "itemID": "pixelmon:lagging_tail",
          "percentChance": 5
        }
      ],
      "condition": {
        "times": [
          "DAY"
        ],
        "stringBiomes": [
          "savannas"
        ]
      },
      "rarity": 8.0
    },
    {
      "spec": "species:Lickilicky",
      "stringLocationTypes": [
        "Grass"
      ],
      "minLevel": 37,
      "maxLevel": 50,
      "typeID": "pokemon",
      "heldItems": [
        {
          "itemID": "pixelmon:lagging_tail",
          "percentChance": 5
        }
      ],
      "condition": {
        "times": [
          "DAY"
        ],
        "stringBiomes": [
          "savannas"
        ]
      },
      "rarity": 0.5
    }
  ]
}