{
  "id": "Lillipup Line Grass",
  "spawnInfos": [
    {
      "spec": "species:Lillipup",
      "stringLocationTypes": [
        "Grass",
        "Sweet Scent"
      ],
      "minLevel": 4,
      "maxLevel": 15,
      "typeID": "pokemon",
      "condition": {
        "times": [
          "AFTERNOON"
        ],
        "stringBiomes": [
          "plains"
        ]
      },
      "rarity": 300.0
    },
    {
      "spec": "species:Herdier",
      "stringLocationTypes": [
        "Grass"
      ],
      "minLevel": 17,
      "maxLevel": 31,
      "typeID": "pokemon",
      "condition": {
        "times": [
          "AFTERNOON"
        ],
        "stringBiomes": [
          "plains"
        ]
      },
      "rarity": 90.0
    },
    {
      "spec": "species:Stoutland",
      "stringLocationTypes": [
        "Grass"
      ],
      "minLevel": 33,
      "maxLevel": 46,
      "typeID": "pokemon",
      "condition": {
        "times": [
          "AFTERNOON"
        ],
        "stringBiomes": [
          "plains"
        ]
      },
      "rarity": 0.5
    }
  ]
}