{
  "id": "Litleo Line Grass",
  "spawnInfos": [
    {
      "spec": "species:Litleo",
      "stringLocationTypes": [
        "Grass"
      ],
      "minLevel": 21,
      "maxLevel": 34,
      "typeID": "pokemon",
      "condition": {
        "times": [
          "DAY"
        ],
        "stringBiomes": [
          "savannas"
        ]
      },
      "rarity": 170.0
    },
    {
      "spec": "species:Pyroar",
      "stringLocationTypes": [
        "Grass"
      ],
      "minLevel": 36,
      "maxLevel": 49,
      "typeID": "pokemon",
      "condition": {
        "times": [
          "DAY"
        ],
        "stringBiomes": [
          "savannas"
        ]
      },
      "rarity": 8.0
    }
  ]
}