{
  "id": "Litten Line Grass",
  "spawnInfos": [
    {
      "spec": "species:Litten",
      "stringLocationTypes": [
        "Grass"
      ],
      "minLevel": 5,
      "maxLevel": 16,
      "typeID": "pokemon",
      "condition": {
        "times": [
          "DAY"
        ],
        "stringBiomes": [
          "minecraft:jungle_hills",
          "minecraft:modified_jungle",
          "minecraft:bamboo_jungle_hills",
          "biomesoplenty:rainforest_cliffs",
          "byg:guiana_shield",
          "byg:tropical_rainforest_hills"
        ]
      },
      "rarityMultipliers": [
        {
          "multiplier": 2,
          "condition": {
            "weathers": [
              "CLEAR"
            ]
          }
        }
      ],
      "rarity": 10.0
    },
    {
      "spec": "species:Torracat",
      "stringLocationTypes": [
        "Grass"
      ],
      "minLevel": 17,
      "maxLevel": 33,
      "typeID": "pokemon",
      "condition": {
        "times": [
          "DAY"
        ],
        "stringBiomes": [
          "minecraft:jungle_hills",
          "minecraft:modified_jungle",
          "minecraft:bamboo_jungle_hills",
          "biomesoplenty:rainforest_cliffs",
          "byg:guiana_shield",
          "byg:tropical_rainforest_hills"
        ]
      },
      "rarityMultipliers": [
        {
          "multiplier": 2,
          "condition": {
            "weathers": [
              "CLEAR"
            ]
          }
        }
      ],
      "rarity": 1.0
    },
    {
      "spec": "species:Incineroar",
      "stringLocationTypes": [
        "Grass"
      ],
      "minLevel": 34,
      "maxLevel": 55,
      "typeID": "pokemon",
      "condition": {
        "times": [
          "DAY"
        ],
        "stringBiomes": [
          "minecraft:jungle_hills",
          "minecraft:modified_jungle",
          "minecraft:bamboo_jungle_hills",
          "biomesoplenty:rainforest_cliffs",
          "byg:guiana_shield",
          "byg:tropical_rainforest_hills"
        ]
      },
      "rarityMultipliers": [
        {
          "multiplier": 2,
          "condition": {
            "weathers": [
              "CLEAR"
            ]
          }
        }
      ],
      "rarity": 1.0
    }
  ]
}