{
  "id": "Litwick Line Grass",
  "spawnInfos": [
    {
      "spec": "species:Litwick",
      "stringLocationTypes": [
        "Grass"
      ],
      "minLevel": 5,
      "maxLevel": 25,
      "typeID": "pokemon",
      "condition": {
        "times": [
          "NIGHT"
        ],
        "weathers": [
          "CLEAR"
        ],
        "stringBiomes": [
          "roofed"
        ]
      },
      "rarityMultipliers": [
        {
          "multiplier": 2,
          "condition": {
            "neededNearbyBlocks": [
              "minecraft:torch"
            ]
          }
        }
      ],
      "rarity": 130.0
    },
    {
      "spec": "species:Lampent",
      "stringLocationTypes": [
        "Grass"
      ],
      "minLevel": 41,
      "maxLevel": 55,
      "typeID": "pokemon",
      "condition": {
        "times": [
          "NIGHT"
        ],
        "weathers": [
          "CLEAR"
        ],
        "stringBiomes": [
          "roofed"
        ]
      },
      "rarityMultipliers": [
        {
          "multiplier": 2,
          "condition": {
            "neededNearbyBlocks": [
              "minecraft:torch"
            ]
          }
        }
      ],
      "rarity": 8.0
    },
    {
      "spec": "species:Chandelure",
      "stringLocationTypes": [
        "Grass"
      ],
      "minLevel": 45,
      "maxLevel": 60,
      "typeID": "pokemon",
      "condition": {
        "times": [
          "NIGHT"
        ],
        "weathers": [
          "CLEAR"
        ],
        "stringBiomes": [
          "roofed"
        ]
      },
      "rarityMultipliers": [
        {
          "multiplier": 2,
          "condition": {
            "neededNearbyBlocks": [
              "minecraft:torch"
            ]
          }
        }
      ],
      "rarity": 0.5
    }
  ]
}