{
  "id": "Lotad Line Grass",
  "spawnInfos": [
    {
      "spec": "species:Lotad",
      "stringLocationTypes": [
        "Grass"
      ],
      "minLevel": 3,
      "maxLevel": 14,
      "typeID": "pokemon",
      "heldItems": [
        {
          "itemID": "pixelmon:mental_herb",
          "percentChance": 5
        }
      ],
      "condition": {
        "weathers": [
          "RAIN"
        ],
        "stringBiomes": [
          "swamps",
          "lakes"
        ]
      },
      "rarityMultipliers": [
        {
          "multiplier": 2,
          "condition": {
            "neededNearbyBlocks": [
              "minecraft:lily_pad",
              "byg:tiny_lilypads"
            ]
          }
        }
      ],
      "rarity": 130.0
    },
    {
      "spec": "species:Lombre",
      "stringLocationTypes": [
        "Grass"
      ],
      "minLevel": 25,
      "maxLevel": 40,
      "typeID": "pokemon",
      "heldItems": [
        {
          "itemID": "pixelmon:mental_herb",
          "percentChance": 5
        }
      ],
      "condition": {
        "weathers": [
          "RAIN"
        ],
        "stringBiomes": [
          "swamps",
          "lakes"
        ]
      },
      "rarityMultipliers": [
        {
          "multiplier": 2,
          "condition": {
            "neededNearbyBlocks": [
              "minecraft:lily_pad",
              "byg:tiny_lilypads"
            ]
          }
        }
      ],
      "rarity": 8.0
    },
    {
      "spec": "species:Ludicolo",
      "stringLocationTypes": [
        "Grass"
      ],
      "minLevel": 41,
      "maxLevel": 53,
      "typeID": "pokemon",
      "heldItems": [
        {
          "itemID": "pixelmon:mental_herb",
          "percentChance": 5
        }
      ],
      "condition": {
        "weathers": [
          "RAIN"
        ],
        "stringBiomes": [
          "swamps",
          "lakes"
        ]
      },
      "rarityMultipliers": [
        {
          "multiplier": 2,
          "condition": {
            "neededNearbyBlocks": [
              "minecraft:lily_pad",
              "byg:tiny_lilypads"
            ]
          }
        }
      ],
      "rarity": 0.5
    }
  ]
}