{
  "id": "Lunatone Grass",
  "spawnInfos": [
    {
      "spec": "species:Lunatone form:gibbous",
      "stringLocationTypes": [
        "Grass"
      ],
      "minLevel": 20,
      "maxLevel": 50,
      "typeID": "pokemon",
      "heldItems": [
        {
          "itemID": "pixelmon:moon_stone",
          "percentChance": 5
        },
        {
          "itemID": "pixelmon:stardust",
          "percentChance": 50
        }
      ],
      "condition": {
        "times": [
          "DUSK",
          "NIGHT"
        ],
        "stringBiomes": [
          "minecraft:wooded_badlands_plateau"
        ]
      },
      "rarity": 8.0
    }
  ]
}
