{
  "id": "Magmar Grass",
  "spawnInfos": [
    {
      "spec": "species:Magmar",
      "stringLocationTypes": [
        "Grass"
      ],
      "minLevel": 25,
      "maxLevel": 50,
      "typeID": "pokemon",
      "heldItems": [
        {
          "itemID": "pixelmon:magmarizer",
          "percentChance": 5
        }
      ],
      "condition": {
        "times": [
          "AFTERNOON"
        ],
        "stringBiomes": [
          "arid",
          "biomesoplenty:volcano",
          "biomesoplenty:volcanic_plains"
        ]
      },
      "rarity": 30.0
    }
  ]
}