{
  "id": "Magnemite Line Grass",
  "spawnInfos": [
    {
      "spec": "species:Magnemite",
      "stringLocationTypes": [
        "Grass"
      ],
      "minLevel": 10,
      "maxLevel": 30,
      "typeID": "pokemon",
      "heldItems": [
        {
          "itemID": "pixelmon:metal_coat",
          "percentChance": 5
        }
      ],
      "condition": {
        "times": [
          "AFTERNOON",
          "DUSK"
        ],
        "stringBiomes": [
          "minecraft:snowy_mountains",
          "minecraft:gravelly_mountains"
        ]
      },
      "rarityMultipliers": [
        {
          "multiplier": 2,
          "condition": {
            "weathers": [
              "STORM"
            ]
          }
        }
      ],
      "rarity": 130.0
    },
    {
      "spec": "species:Magneton",
      "stringLocationTypes": [
        "Grass"
      ],
      "minLevel": 30,
      "maxLevel": 50,
      "typeID": "pokemon",
      "heldItems": [
        {
          "itemID": "pixelmon:metal_coat",
          "percentChance": 5
        }
      ],
      "condition": {
        "times": [
          "AFTERNOON",
          "DUSK"
        ],
        "stringBiomes": [
          "minecraft:snowy_mountains",
          "minecraft:gravelly_mountains"
        ]
      },
      "rarityMultipliers": [
        {
          "multiplier": 2,
          "condition": {
            "weathers": [
              "STORM"
            ]
          }
        }
      ],
      "rarity": 8.0
    },
    {
      "spec": "species:Magnezone",
      "stringLocationTypes": [
        "Grass"
      ],
      "minLevel": 35,
      "maxLevel": 50,
      "typeID": "pokemon",
      "heldItems": [
        {
          "itemID": "pixelmon:metal_coat",
          "percentChance": 5
        }
      ],
      "condition": {
        "times": [
          "AFTERNOON",
          "DUSK"
        ],
        "stringBiomes": [
          "minecraft:snowy_mountains",
          "minecraft:gravelly_mountains"
        ]
      },
      "rarityMultipliers": [
        {
          "multiplier": 2,
          "condition": {
            "weathers": [
              "STORM"
            ]
          }
        }
      ],
      "rarity": 0.5
    }
  ]
}