{
  "id": "Makuhita Line Grass",
  "spawnInfos": [
    {
      "spec": "species:Makuhita",
      "stringLocationTypes": [
        "Grass"
      ],
      "minLevel": 5,
      "maxLevel": 15,
      "typeID": "pokemon",
      "heldItems": [
        {
          "itemID": "pixelmon:black_belt",
          "percentChance": 5
        }
      ],
      "condition": {
        "times": [
          "AFTERNOON"
        ],
        "stringBiomes": [
          "mountainous forests"
        ]
      },
      "rarity": 130.0
    },
    {
      "spec": "species:Hariyama",
      "stringLocationTypes": [
        "Grass"
      ],
      "minLevel": 20,
      "maxLevel": 40,
      "typeID": "pokemon",
      "heldItems": [
        {
          "itemID": "pixelmon:kings_rock",
          "percentChance": 5
        }
      ],
      "condition": {
        "times": [
          "AFTERNOON"
        ],
        "stringBiomes": [
          "mountainous forests"
        ]
      },
      "rarity": 8.0
    }
  ]
}