{
  "id": "Mareep Line Grass",
  "spawnInfos": [
    {
      "spec": "species:Mareep",
      "stringLocationTypes": [
        "Grass"
      ],
      "minLevel": 5,
      "maxLevel": 15,
      "typeID": "pokemon",
      "condition": {
        "times": [
          "AFTERNOON",
          "DUSK"
        ],
        "stringBiomes": [
          "plains",
          "minecraft:snowy_tundra"
        ]
      },
      "rarity": 250.0
    },
    {
      "spec": "species:Flaaffy",
      "stringLocationTypes": [
        "Grass"
      ],
      "minLevel": 15,
      "maxLevel": 30,
      "typeID": "pokemon",
      "condition": {
        "times": [
          "AFTERNOON",
          "DUSK"
        ],
        "stringBiomes": [
          "plains",
          "minecraft:snowy_tundra"
        ]
      },
      "rarity": 40.0
    },
    {
      "spec": "species:Ampharos",
      "stringLocationTypes": [
        "Grass"
      ],
      "minLevel": 30,
      "maxLevel": 50,
      "typeID": "pokemon",
      "condition": {
        "times": [
          "AFTERNOON",
          "DUSK"
        ],
        "stringBiomes": [
          "plains",
          "minecraft:snowy_tundra"
        ]
      },
      "rarity": 0.5
    }
  ]
}