{
  "id": "Marill Line Grass",
  "spawnInfos": [
    {
      "spec": "species:Marill",
      "stringLocationTypes": [
        "Grass"
      ],
      "minLevel": 5,
      "maxLevel": 17,
      "typeID": "pokemon",
      "condition": {
        "times": [
          "DAY"
        ],
        "stringBiomes": [
          "beaches",
          "minecraft:river",
          "lakes"
        ]
      },
      "rarity": 130.0
    },
    {
      "spec": "species:Azumarill",
      "stringLocationTypes": [
        "Grass"
      ],
      "minLevel": 18,
      "maxLevel": 50,
      "typeID": "pokemon",
      "condition": {
        "times": [
          "DAY"
        ],
        "stringBiomes": [
          "beaches",
          "minecraft:river",
          "lakes"
        ]
      },
      "rarity": 8.0
    }
  ]
}