{
  "id": "Meditite Line Grass",
  "spawnInfos": [
    {
      "spec": "species:Meditite",
      "stringLocationTypes": [
        "Grass"
      ],
      "minLevel": 13,
      "maxLevel": 31,
      "typeID": "pokemon",
      "condition": {
        "times": [
          "NIGHT"
        ],
        "stringBiomes": [
          "mountainous forests"
        ]
      },
      "rarity": 90.0
    },
    {
      "spec": "species:Medicham",
      "stringLocationTypes": [
        "Grass"
      ],
      "minLevel": 38,
      "maxLevel": 45,
      "typeID": "pokemon",
      "condition": {
        "times": [
          "NIGHT"
        ],
        "stringBiomes": [
          "mountainous forests"
        ]
      },
      "rarity": 6.0
    }
  ]
}