{
  "id": "Mienfoo Line Grass",
  "spawnInfos": [
    {
      "spec": "species:Mienfoo",
      "stringLocationTypes": [
        "Grass"
      ],
      "minLevel": 38,
      "maxLevel": 49,
      "typeID": "pokemon",
      "condition": {
        "times": [
          "NIGHT"
        ],
        "stringBiomes": [
          "mountainous"
        ]
      },
      "rarity": 60.0
    },
    {
      "spec": "species:Mienshao",
      "stringLocationTypes": [
        "Grass"
      ],
      "minLevel": 24,
      "maxLevel": 51,
      "typeID": "pokemon",
      "condition": {
        "times": [
          "NIGHT"
        ],
        "stringBiomes": [
          "mountainous"
        ]
      },
      "rarity": 9.0
    }
  ]
}