{
  "id": "Milcery Grass",
  "spawnInfos": [
    {
      "spec": "species:Milcery",
      "stringLocationTypes": [
        "Grass"
      ],
      "minLevel": 5,
      "maxLevel": 20,
      "typeID": "pokemon",
      "heldItems": [
        {
          "itemID": "pixelmon:sweet_strawberry",
          "percentChance": 5
        },
        {
          "itemID": "pixelmon:sweet_flower",
          "percentChance": 5
        },
        {
          "itemID": "pixelmon:sweet_love",
          "percentChance": 5
        },
        {
          "itemID": "pixelmon:sweet_berry",
          "percentChance": 5
        },
        {
          "itemID": "pixelmon:sweet_clover",
          "percentChance": 5
        },
        {
          "itemID": "pixelmon:sweet_star",
          "percentChance": 5
        },
        {
          "itemID": "pixelmon:sweet_ribbon",
          "percentChance": 5
        }
      ],
      "condition": {
        "times": [
          "DAY"
        ],
        "stringBiomes": [
          "all forests"
        ]
      },
      "rarity": 90.0
    }
  ]
}
