{
  "id": "Mimikyu Grass",
  "spawnInfos": [
    {
      "spec": "species:Mimikyu",
      "stringLocationTypes": [
        "Grass"
      ],
      "minLevel": 15,
      "maxLevel": 45,
      "typeID": "pokemon",
      "heldItems": [
        {
          "itemID": "pixelmon:chesto_berry",
          "percentChance": 5
        }
      ],
      "condition": {
        "times": [
          "DAWN",
          "DUSK"
        ],
        "stringBiomes": [
          "roofed",
          "evil"
        ]
      },
      "rarity": 30.0
    }
  ]
}