{
  "id": "Minccino Line Grass",
  "spawnInfos": [
    {
      "spec": "species:Minccino",
      "stringLocationTypes": [
        "Grass"
      ],
      "minLevel": 15,
      "maxLevel": 24,
      "typeID": "pokemon",
      "condition": {
        "times": [
          "DAWN",
          "NIGHT",
          "DUSK"
        ],
        "stringBiomes": [
          "minecraft:birch_forest_hills",
          "minecraft:tall_birch_hills",
          "byg:aspen_forest_hills",
          "byg:seasonal_birch_forest_hills"
        ]
      },
      "rarity": 130.0
    },
    {
      "spec": "species:Cinccino",
      "stringLocationTypes": [
        "Grass"
      ],
      "minLevel": 25,
      "maxLevel": 37,
      "typeID": "pokemon",
      "condition": {
        "times": [
          "DAWN",
          "NIGHT",
          "DUSK"
        ],
        "stringBiomes": [
          "minecraft:birch_forest_hills",
          "minecraft:tall_birch_hills",
          "byg:aspen_forest_hills",
          "byg:seasonal_birch_forest_hills"
        ]
      },
      "rarity": 6.0
    }
  ]
}