{
  "id": "Minior Grass",
  "spawnInfos": [
    {
      "spec": "species:Minior",
      "stringLocationTypes": [
        "Grass"
      ],
      "minLevel": 15,
      "maxLevel": 40,
      "typeID": "pokemon",
      "heldItems": [
        {
          "itemID": "pixelmon:star_piece",
          "percentChance": 5
        }
      ],
      "condition": {
        "times": [
          "NIGHT"
        ],
        "stringBiomes": [
          "mountainous",
          "freezing mountains"
        ],
        "minY": 100
      },
      "rarity": 40.0
    },
    {
      "spec": "species:Minior",
      "stringLocationTypes": [
        "Grass"
      ],
      "minLevel": 15,
      "maxLevel": 40,
      "typeID": "pokemon",
      "heldItems": [
        {
          "itemID": "pixelmon:star_piece",
          "percentChance": 5
        }
      ],
      "condition": {
        "times": [
          "NIGHT"
        ],
        "stringBiomes": [
          "pixelmon:ultra_deep_sea"
        ]
      },
      "rarity": 40.0
    }
  ]
}