{
  "id": "Morelull Line Grass",
  "spawnInfos": [
    {
      "spec": "species:Morelull",
      "stringLocationTypes": [
        "Grass"
      ],
      "minLevel": 7,
      "maxLevel": 23,
      "typeID": "pokemon",
      "heldItems": [
        {
          "itemID": "pixelmon:big_mushroom",
          "percentChance": 5
        },
        {
          "itemID": "pixelmon:tiny_mushroom",
          "percentChance": 50
        }
      ],
      "condition": {
        "times": [
          "DAWN",
          "DAY"
        ],
        "stringBiomes": [
          "birches",
          "mushroom",
          "taigas",
          "redwoods",
          "magical"
        ]
      },
      "rarity": 90.0
    },
    {
      "spec": "species:Shiinotic",
      "stringLocationTypes": [
        "Grass"
      ],
      "minLevel": 24,
      "maxLevel": 45,
      "typeID": "pokemon",
      "heldItems": [
        {
          "itemID": "pixelmon:big_mushroom",
          "percentChance": 5
        },
        {
          "itemID": "pixelmon:tiny_mushroom",
          "percentChance": 50
        }
      ],
      "condition": {
        "times": [
          "DAWN",
          "DAY"
        ],
        "stringBiomes": [
          "birches",
          "mushroom",
          "taigas",
          "redwoods",
          "magical"
        ]
      },
      "rarity": 6.0
    }
  ]
}