{
  "id": "MrMime Line Grass",
  "spawnInfos": [
    {
      "spec": "species:MrMime",
      "stringLocationTypes": [
        "Grass"
      ],
      "minLevel": 20,
      "maxLevel": 50,
      "typeID": "pokemon",
      "condition": {
        "times": [
          "NIGHT"
        ],
        "stringBiomes": [
          "forests",
          "birches"
        ]
      },
      "rarity": 8.0
    },
    {
      "spec": "species:MrMime form:galarian",
      "stringLocationTypes": [
        "Grass"
      ],
      "minLevel": 20,
      "maxLevel": 50,
      "typeID": "pokemon",
      "condition": {
        "times": [
          "DAY"
        ],
        "stringBiomes": [
          "freezing forests"
        ]
      },
      "rarity": 8.0
    },
    {
      "spec": "species:MrRime",
      "stringLocationTypes": [
        "Grass"
      ],
      "minLevel": 35,
      "maxLevel": 50,
      "typeID": "pokemon",
      "condition": {
        "times": [
          "DAY"
        ],
        "stringBiomes": [
          "freezing forests"
        ]
      },
      "rarity": 0.5
    }
  ]
}
