{
  "id": "Mudbray Line Grass",
  "spawnInfos": [
    {
      "spec": "species:Mudbray",
      "stringLocationTypes": [
        "Grass"
      ],
      "minLevel": 10,
      "maxLevel": 29,
      "typeID": "pokemon",
      "heldItems": [
        {
          "itemID": "pixelmon:light_clay",
          "percentChance": 5
        }
      ],
      "condition": {
        "times": [
          "AFTERNOON"
        ],
        "weathers": [
          "CLEAR"
        ],
        "stringBiomes": [
          "plains",
          "mountainous"
        ],
        "maxY": 80
      },
      "rarity": 130.0
    },
    {
      "spec": "species:Mudsdale",
      "stringLocationTypes": [
        "Grass"
      ],
      "minLevel": 30,
      "maxLevel": 50,
      "typeID": "pokemon",
      "heldItems": [
        {
          "itemID": "pixelmon:light_clay",
          "percentChance": 5
        }
      ],
      "condition": {
        "times": [
          "AFTERNOON"
        ],
        "weathers": [
          "CLEAR"
        ],
        "stringBiomes": [
          "plains",
          "mountainous"
        ],
        "maxY": 80
      },
      "rarity": 6.0
    }
  ]
}