{
  "id": "Mudkip Line Grass",
  "spawnInfos": [
    {
      "spec": "species:Mudkip",
      "stringLocationTypes": [
        "Grass"
      ],
      "minLevel": 2,
      "maxLevel": 10,
      "typeID": "pokemon",
      "condition": {
        "times": [
          "NIGHT"
        ],
        "weathers": [
          "RAIN"
        ],
        "stringBiomes": [
          "swamps"
        ]
      },
      "rarity": 5.0
    },
    {
      "spec": "species:Marshtomp",
      "stringLocationTypes": [
        "Grass"
      ],
      "minLevel": 16,
      "maxLevel": 35,
      "typeID": "pokemon",
      "condition": {
        "times": [
          "NIGHT"
        ],
        "weathers": [
          "RAIN"
        ],
        "stringBiomes": [
          "swamps"
        ]
      },
      "rarity": 0.5
    },
    {
      "spec": "species:Swampert",
      "stringLocationTypes": [
        "Grass"
      ],
      "minLevel": 36,
      "maxLevel": 50,
      "typeID": "pokemon",
      "condition": {
        "times": [
          "NIGHT"
        ],
        "weathers": [
          "RAIN"
        ],
        "stringBiomes": [
          "swamps"
        ]
      },
      "rarity": 0.5
    }
  ]
}