{
  "id": "Natu Line Grass",
  "spawnInfos": [
    {
      "spec": "species:Natu",
      "stringLocationTypes": [
        "Grass"
      ],
      "minLevel": 5,
      "maxLevel": 24,
      "typeID": "pokemon",
      "condition": {
        "times": [
          "NIGHT"
        ],
        "stringBiomes": [
          "jungles",
          "mesas"
        ]
      },
      "rarity": 130.0
    },
    {
      "spec": "species:Xatu",
      "stringLocationTypes": [
        "Grass"
      ],
      "minLevel": 25,
      "maxLevel": 60,
      "typeID": "pokemon",
      "condition": {
        "times": [
          "NIGHT"
        ],
        "stringBiomes": [
          "jungles",
          "mesas"
        ]
      },
      "rarity": 8.0
    }
  ]
}