{
  "id": "Nickit Line Grass",
  "spawnInfos": [
    {
      "spec": "species:Nickit",
      "stringLocationTypes": [
        "Grass"
      ],
      "minLevel": 5,
      "maxLevel": 17,
      "typeID": "pokemon",
      "condition": {
        "times": [
          "DAWN",
          "DAY"
        ],
        "stringBiomes": [
          "forests",
          "roofed",
          "taigas",
          "biomesoplenty:burnt_forest"
        ]
      },
      "rarity": 50.0
    },
    {
      "spec": "species:Thievul",
      "stringLocationTypes": [
        "Grass"
      ],
      "minLevel": 18,
      "maxLevel": 35,
      "typeID": "pokemon",
      "condition": {
        "times": [
          "DAWN",
          "DAY"
        ],
        "stringBiomes": [
          "forests",
          "roofed",
          "taigas",
          "biomesoplenty:burnt_forest"
        ]
      },
      "rarity": 5.0
    }
  ]
}