{
  "id": "Nidoranmale Line Grass",
  "spawnInfos": [
    {
      "spec": "species:Nidoranmale",
      "stringLocationTypes": [
        "Grass"
      ],
      "minLevel": 3,
      "maxLevel": 16,
      "typeID": "pokemon",
      "condition": {
        "times": [
          "DAWN",
          "MORNING"
        ],
        "stringBiomes": [
          "savannas"
        ]
      },
      "rarity": 250.0
    },
    {
      "spec": "species:Nidorino",
      "stringLocationTypes": [
        "Grass"
      ],
      "minLevel": 16,
      "maxLevel": 25,
      "typeID": "pokemon",
      "condition": {
        "times": [
          "DAWN",
          "MORNING"
        ],
        "stringBiomes": [
          "savannas"
        ]
      },
      "rarity": 40.0
    },
    {
      "spec": "species:Nidoking",
      "stringLocationTypes": [
        "Grass"
      ],
      "minLevel": 30,
      "maxLevel": 50,
      "typeID": "pokemon",
      "condition": {
        "times": [
          "DAWN",
          "MORNING"
        ],
        "stringBiomes": [
          "savannas"
        ]
      },
      "rarity": 0.5
    }
  ]
}