{
  "id": "Nincada Line Grass",
  "spawnInfos": [
    {
      "spec": "species:Nincada",
      "stringLocationTypes": [
        "Grass"
      ],
      "minLevel": 5,
      "maxLevel": 18,
      "typeID": "pokemon",
      "heldItems": [
        {
          "itemID": "pixelmon:soft_sand",
          "percentChance": 5
        }
      ],
      "condition": {
        "times": [
          "DAY"
        ],
        "stringBiomes": [
          "taigas",
          "redwoods"
        ]
      },
      "rarity": 130.0
    },
    {
      "spec": "species:Ninjask",
      "stringLocationTypes": [
        "Grass"
      ],
      "minLevel": 20,
      "maxLevel": 40,
      "typeID": "pokemon",
      "condition": {
        "times": [
          "DAWN",
          "DUSK"
        ],
        "stringBiomes": [
          "taigas",
          "redwoods"
        ]
      },
      "rarity": 8.0
    },
    {
      "spec": "species:Shedinja",
      "stringLocationTypes": [
        "Grass"
      ],
      "minLevel": 20,
      "maxLevel": 40,
      "typeID": "pokemon",
      "condition": {
        "times": [
          "NIGHT"
        ],
        "stringBiomes": [
          "taigas",
          "redwoods"
        ]
      },
      "rarity": 0.1
    }
  ]
}