{
  "id": "Noibat Line Grass",
  "spawnInfos": [
    {
      "spec": "species:Noibat",
      "stringLocationTypes": [
        "Grass"
      ],
      "minLevel": 31,
      "maxLevel": 47,
      "typeID": "pokemon",
      "condition": {
        "times": [
          "NIGHT"
        ],
        "stringBiomes": [
          "hills",
          "jungles",
          "redwoods"
        ]
      },
      "rarity": 90.0
    },
    {
      "spec": "species:Noivern",
      "stringLocationTypes": [
        "Grass"
      ],
      "minLevel": 48,
      "maxLevel": 60,
      "typeID": "pokemon",
      "condition": {
        "times": [
          "NIGHT"
        ],
        "stringBiomes": [
          "hills",
          "jungles",
          "redwoods"
        ]
      },
      "rarity": 0.5
    }
  ]
}