{
  "id": "Numel Line Grass",
  "spawnInfos": [
    {
      "spec": "species:Numel",
      "stringLocationTypes": [
        "Grass"
      ],
      "minLevel": 5,
      "maxLevel": 33,
      "typeID": "pokemon",
      "condition": {
        "times": [
          "DAY"
        ],
        "stringBiomes": [
          "arid",
          "minecraft:badlands",
          "biomesoplenty:volcanic_plains"
        ]
      },
      "rarityMultipliers": [
        {
          "multiplier": 2,
          "condition": {
            "neededNearbyBlocks": [
              "minecraft:dead_bush"
            ]
          }
        }
      ],
      "rarity": 170.0
    },
    {
      "spec": "species:Camerupt",
      "stringLocationTypes": [
        "Grass"
      ],
      "minLevel": 33,
      "maxLevel": 50,
      "typeID": "pokemon",
      "condition": {
        "times": [
          "DAY"
        ],
        "stringBiomes": [
          "arid",
          "minecraft:badlands",
          "biomesoplenty:volcanic_plains"
        ]
      },
      "rarityMultipliers": [
        {
          "multiplier": 2,
          "condition": {
            "neededNearbyBlocks": [
              "minecraft:dead_bush"
            ]
          }
        }
      ],
      "rarity": 8.0
    }
  ]
}