{
  "id": "Oddish Line Grass",
  "spawnInfos": [
    {
      "spec": "species:Oddish",
      "stringLocationTypes": [
        "Grass"
      ],
      "minLevel": 5,
      "maxLevel": 21,
      "typeID": "pokemon",
      "heldItems": [
        {
          "itemID": "pixelmon:absorb_bulb",
          "percentChance": 5
        }
      ],
      "condition": {
        "times": [
          "DAWN",
          "NIGHT",
          "DUSK"
        ],
        "stringBiomes": [
          "swamps",
          "jungles",
          "roofed"
        ]
      },
      "rarity": 130.0
    },
    {
      "spec": "species:Gloom",
      "stringLocationTypes": [
        "Grass"
      ],
      "minLevel": 21,
      "maxLevel": 50,
      "typeID": "pokemon",
      "heldItems": [
        {
          "itemID": "pixelmon:absorb_bulb",
          "percentChance": 5
        }
      ],
      "condition": {
        "times": [
          "DAWN",
          "NIGHT",
          "DUSK"
        ],
        "stringBiomes": [
          "swamps",
          "jungles",
          "roofed"
        ]
      },
      "rarity": 8.0
    },
    {
      "spec": "species:Vileplume",
      "stringLocationTypes": [
        "Grass"
      ],
      "minLevel": 30,
      "maxLevel": 50,
      "typeID": "pokemon",
      "heldItems": [
        {
          "itemID": "pixelmon:absorb_bulb",
          "percentChance": 5
        }
      ],
      "condition": {
        "times": [
          "DAWN",
          "NIGHT",
          "DUSK"
        ],
        "stringBiomes": [
          "swamps",
          "jungles",
          "roofed"
        ]
      },
      "rarity": 0.5
    },
    {
      "spec": "species:Bellossom",
      "stringLocationTypes": [
        "Grass"
      ],
      "minLevel": 35,
      "maxLevel": 50,
      "typeID": "pokemon",
      "heldItems": [
        {
          "itemID": "pixelmon:absorb_bulb",
          "percentChance": 5
        }
      ],
      "condition": {
        "times": [
          "MORNING"
        ],
        "weathers": [
          "CLEAR"
        ],
        "stringBiomes": [
          "flowery",
          "jungles"
        ]
      },
      "rarity": 0.5
    }
  ]
}