{
  "id": "Oranguru Grass",
  "spawnInfos": [
    {
      "spec": "species:Oranguru",
      "stringLocationTypes": [
        "Grass"
      ],
      "minLevel": 15,
      "maxLevel": 40,
      "typeID": "pokemon",
      "condition": {
        "times": [
          "NIGHT"
        ],
        "stringBiomes": [
          "minecraft:jungle_hills",
          "minecraft:modified_jungle",
          "minecraft:bamboo_jungle_hills",
          "biomesoplenty:rainforest_cliffs",
          "byg:guiana_shield",
          "byg:tropical_rainforest_hills"
        ]
      },
      "rarity": 8.0
    }
  ]
}