{
  "id": "Oricorio Grass",
  "spawnInfos": [
    {
      "spec": "species:Oricorio form:baile",
      "stringLocationTypes": [
        "Grass"
      ],
      "minLevel": 10,
      "maxLevel": 35,
      "typeID": "pokemon",
      "condition": {
        "times": [
          "DAY"
        ],
        "stringBiomes": [
          "forests"
        ]
      },
      "rarity": 90.0
    },
    {
      "spec": "species:Oricorio form:pom_pom",
      "stringLocationTypes": [
        "Grass"
      ],
      "minLevel": 10,
      "maxLevel": 35,
      "typeID": "pokemon",
      "condition": {
        "times": [
          "DAY"
        ],
        "stringBiomes": [
          "birches"
        ]
      },
      "rarity": 90.0
    },
    {
      "spec": "species:Oricorio form:pau_u",
      "stringLocationTypes": [
        "Grass"
      ],
      "minLevel": 10,
      "maxLevel": 35,
      "typeID": "pokemon",
      "condition": {
        "times": [
          "NIGHT"
        ],
        "stringBiomes": [
          "taigas"
        ]
      },
      "rarity": 90.0
    },
    {
      "spec": "species:Oricorio form:sensu",
      "stringLocationTypes": [
        "Grass"
      ],
      "minLevel": 10,
      "maxLevel": 35,
      "typeID": "pokemon",
      "condition": {
        "times": [
          "NIGHT"
        ],
        "stringBiomes": [
          "roofed"
        ]
      },
      "rarity": 90.0
    }
  ]
}
