{
  "id": "Oshawott Line Grass",
  "spawnInfos": [
    {
      "spec": "species:Oshawott",
      "stringLocationTypes": [
        "Grass"
      ],
      "minLevel": 5,
      "maxLevel": 16,
      "typeID": "pokemon",
      "condition": {
        "times": [
          "AFTERNOON"
        ],
        "stringBiomes": [
          "minecraft:stone_shore",
          "biomesoplenty:gravel_beach",
          "byg:basalt_barrera",
          "byg:rocky_beach"
        ]
      },
      "rarityMultipliers": [
        {
          "multiplier": 2,
          "condition": {
            "weathers": [
              "RAIN"
            ]
          }
        }
      ],
      "rarity": 10.0
    },
    {
      "spec": "species:Dewott",
      "stringLocationTypes": [
        "Grass"
      ],
      "minLevel": 17,
      "maxLevel": 35,
      "typeID": "pokemon",
      "condition": {
        "times": [
          "AFTERNOON"
        ],
        "stringBiomes": [
          "minecraft:stone_shore",
          "biomesoplenty:gravel_beach",
          "byg:basalt_barrera",
          "byg:rocky_beach"
        ]
      },
      "rarityMultipliers": [
        {
          "multiplier": 2,
          "condition": {
            "weathers": [
              "RAIN"
            ]
          }
        }
      ],
      "rarity": 1.0
    },
    {
      "spec": "species:Samurott",
      "stringLocationTypes": [
        "Grass"
      ],
      "minLevel": 36,
      "maxLevel": 50,
      "typeID": "pokemon",
      "condition": {
        "times": [
          "DAWN",
          "DUSK"
        ],
        "stringBiomes": [
          "minecraft:stone_shore",
          "biomesoplenty:gravel_beach",
          "byg:basalt_barrera",
          "byg:rocky_beach"
        ]
      },
      "rarityMultipliers": [
        {
          "multiplier": 2,
          "condition": {
            "weathers": [
              "RAIN"
            ]
          }
        }
      ],
      "rarity": 1.0
    }
  ]
}