{
  "id": "Palpitoad Line Grass",
  "spawnInfos": [
    {
      "spec": "species:Palpitoad",
      "stringLocationTypes": [
        "Grass"
      ],
      "minLevel": 25,
      "maxLevel": 35,
      "typeID": "pokemon",
      "condition": {
        "times": [
          "NIGHT"
        ],
        "stringBiomes": [
          "swamps",
          "minecraft:river",
          "lakes"
        ]
      },
      "rarityMultipliers": [
        {
          "multiplier": 2,
          "condition": {
            "weathers": [
              "RAIN"
            ]
          }
        }
      ],
      "rarity": 40.0
    },
    {
      "spec": "species:Seismitoad",
      "stringLocationTypes": [
        "Grass"
      ],
      "minLevel": 37,
      "maxLevel": 49,
      "typeID": "pokemon",
      "condition": {
        "times": [
          "NIGHT"
        ],
        "stringBiomes": [
          "swamps",
          "minecraft:river",
          "lakes"
        ]
      },
      "rarityMultipliers": [
        {
          "multiplier": 2,
          "condition": {
            "weathers": [
              "RAIN"
            ]
          }
        }
      ],
      "rarity": 0.5
    }
  ]
}