{
  "id": "Pancham Line Grass",
  "spawnInfos": [
    {
      "spec": "species:Pancham",
      "stringLocationTypes": [
        "Grass"
      ],
      "minLevel": 20,
      "maxLevel": 31,
      "typeID": "pokemon",
      "heldItems": [
        {
          "itemID": "pixelmon:mental_herb",
          "percentChance": 5
        }
      ],
      "condition": {
        "times": [
          "DAWN",
          "DUSK"
        ],
        "stringBiomes": [
          "jungles"
        ]
      },
      "rarity": 90.0
    },
    {
      "spec": "species:Pangoro",
      "stringLocationTypes": [
        "Grass"
      ],
      "minLevel": 33,
      "maxLevel": 49,
      "typeID": "pokemon",
      "heldItems": [
        {
          "itemID": "pixelmon:mental_herb",
          "percentChance": 5
        }
      ],
      "condition": {
        "times": [
          "DAWN",
          "DUSK"
        ],
        "stringBiomes": [
          "jungles"
        ]
      },
      "rarity": 0.5
    }
  ]
}