{
  "id": "Paras Grass Line",
  "spawnInfos": [
    {
      "spec": "species:Paras",
      "stringLocationTypes": [
        "Grass"
      ],
      "minLevel": 10,
      "maxLevel": 24,
      "typeID": "pokemon",
      "heldItems": [
        {
          "itemID": "pixelmon:big_mushroom",
          "percentChance": 5
        },
        {
          "itemID": "pixelmon:tiny_mushroom",
          "percentChance": 50
        }
      ],
      "condition": {
        "times": [
          "DAWN",
          "NIGHT",
          "DUSK"
        ],
        "stringBiomes": [
          "swamps",
          "mushroom",
          "roofed"
        ]
      },
      "rarity": 90.0
    },
    {
      "spec": "species:Parasect",
      "stringLocationTypes": [
        "Grass"
      ],
      "minLevel": 24,
      "maxLevel": 50,
      "typeID": "pokemon",
      "heldItems": [
        {
          "itemID": "pixelmon:big_mushroom",
          "percentChance": 5
        },
        {
          "itemID": "pixelmon:tiny_mushroom",
          "percentChance": 50
        }
      ],
      "condition": {
        "times": [
          "DAWN",
          "NIGHT",
          "DUSK"
        ],
        "stringBiomes": [
          "swamps",
          "mushroom",
          "roofed"
        ]
      },
      "rarity": 5.0
    }
  ]
}