{
  "id": "Pawniard Line Grass",
  "spawnInfos": [
    {
      "spec": "species:Pawniard",
      "stringLocationTypes": [
        "Grass"
      ],
      "minLevel": 15,
      "maxLevel": 30,
      "typeID": "pokemon",
      "condition": {
        "times": [
          "NIGHT"
        ],
        "stringBiomes": [
          "minecraft:river",
          "pixelmon:ultra_deep_sea",
          "lakes"
        ]
      },
      "rarityMultipliers": [
        {
          "multiplier": 2,
          "condition": {
            "neededNearbyBlocks": [
              "minecraft:stone"
            ]
          }
        }
      ],
      "rarity": 130.0
    },
    {
      "spec": "species:Bisharp",
      "stringLocationTypes": [
        "Grass"
      ],
      "minLevel": 52,
      "maxLevel": 60,
      "typeID": "pokemon",
      "condition": {
        "times": [
          "NIGHT"
        ],
        "stringBiomes": [
          "minecraft:river",
          "pixelmon:ultra_deep_sea",
          "lakes"
        ]
      },
      "rarityMultipliers": [
        {
          "multiplier": 2,
          "condition": {
            "neededNearbyBlocks": [
              "minecraft:stone"
            ]
          }
        }
      ],
      "rarity": 6.0
    }
  ]
}