{
  "id": "Phanpy Line Grass",
  "spawnInfos": [
    {
      "spec": "species:Phanpy",
      "stringLocationTypes": [
        "Grass"
      ],
      "minLevel": 5,
      "maxLevel": 24,
      "typeID": "pokemon",
      "condition": {
        "times": [
          "DAY"
        ],
        "stringBiomes": [
          "mountainous",
          "minecraft:shattered_savanna",
          "minecraft:shattered_savanna_plateau"
        ],
        "maxY": 100
      },
      "rarity": 130.0
    },
    {
      "spec": "species:Donphan",
      "stringLocationTypes": [
        "Grass"
      ],
      "minLevel": 25,
      "maxLevel": 50,
      "typeID": "pokemon",
      "condition": {
        "times": [
          "DAY"
        ],
        "stringBiomes": [
          "mountainous",
          "minecraft:shattered_savanna",
          "minecraft:shattered_savanna_plateau"
        ],
        "maxY": 100
      },
      "rarity": 6.0
    }
  ]
}