{
  "id": "Pidgey Line Grass",
  "spawnInfos": [
    {
      "spec": "species:Pidgey",
      "stringLocationTypes": [
        "Grass"
      ],
      "minLevel": 2,
      "maxLevel": 16,
      "typeID": "pokemon",
      "condition": {
        "times": [
          "DAY"
        ],
        "stringBiomes": [
          "forests",
          "plains",
          "taigas"
        ]
      },
      "rarity": 300.0
    },
    {
      "spec": "species:Pidgeotto",
      "stringLocationTypes": [
        "Grass"
      ],
      "minLevel": 16,
      "maxLevel": 36,
      "typeID": "pokemon",
      "condition": {
        "times": [
          "DAY"
        ],
        "stringBiomes": [
          "forests",
          "plains",
          "taigas"
        ]
      },
      "rarity": 90.0
    },
    {
      "spec": "species:Pidgeot",
      "stringLocationTypes": [
        "Grass"
      ],
      "minLevel": 36,
      "maxLevel": 50,
      "typeID": "pokemon",
      "condition": {
        "times": [
          "DAY"
        ],
        "stringBiomes": [
          "forests",
          "plains",
          "taigas"
        ]
      },
      "rarity": 0.5
    }
  ]
}