{
  "id": "Pikachu Line Grass",
  "spawnInfos": [
    {
      "spec": "species:Pikachu",
      "stringLocationTypes": [
        "Grass"
      ],
      "minLevel": 6,
      "maxLevel": 50,
      "typeID": "pokemon",
      "heldItems": [
        {
          "itemID": "pixelmon:light_ball",
          "percentChance": 5
        }
      ],
      "condition": {
        "times": [
          "DAY"
        ],
        "stringBiomes": [
          "all forests"
        ]
      },
      "rarityMultipliers": [
        {
          "multiplier": 1.5,
          "condition": {
            "weathers": [
              "STORM"
            ]
          }
        }
      ],
      "rarity": 40.0
    },
    {
      "spec": "species:Raichu",
      "stringLocationTypes": [
        "Grass"
      ],
      "minLevel": 25,
      "maxLevel": 50,
      "typeID": "pokemon",
      "condition": {
        "times": [
          "AFTERNOON"
        ],
        "stringBiomes": [
          "all forests"
        ]
      },
      "rarityMultipliers": [
        {
          "multiplier": 1.5,
          "condition": {
            "weathers": [
              "STORM"
            ]
          }
        }
      ],
      "rarity": 0.5
    },
    {
      "spec": "species:Raichu form:alolan",
      "stringLocationTypes": [
        "Grass"
      ],
      "minLevel": 25,
      "maxLevel": 50,
      "typeID": "pokemon",
      "condition": {
        "times": [
          "MORNING"
        ],
        "stringBiomes": [
          "minecraft:stone_shore",
          "biomesoplenty:gravel_beach",
          "byg:basalt_barrera",
          "byg:rocky_beach"
        ]
      },
      "rarityMultipliers": [
        {
          "multiplier": 1.5,
          "condition": {
            "weathers": [
              "STORM"
            ]
          }
        }
      ],
      "rarity": 0.1
    }
  ]
}
