{
  "id": "Pikipek Line Grass",
  "spawnInfos": [
    {
      "spec": "species:Pikipek",
      "stringLocationTypes": [
        "Grass"
      ],
      "minLevel": 3,
      "maxLevel": 13,
      "typeID": "pokemon",
      "heldItems": [
        {
          "itemID": "pixelmon:oran_berry",
          "percentChance": 5
        }
      ],
      "condition": {
        "times": [
          "DAY"
        ],
        "stringBiomes": [
          "jungles",
          "byg:crag_gardens"
        ]
      },
      "rarity": 300.0
    },
    {
      "spec": "species:Trumbeak",
      "stringLocationTypes": [
        "Grass"
      ],
      "minLevel": 14,
      "maxLevel": 27,
      "typeID": "pokemon",
      "heldItems": [
        {
          "itemID": "pixelmon:sitrus_berry",
          "percentChance": 5
        }
      ],
      "condition": {
        "times": [
          "DAY"
        ],
        "stringBiomes": [
          "jungles",
          "byg:crag_gardens"
        ]
      },
      "rarity": 90.0
    },
    {
      "spec": "species:Toucannon",
      "stringLocationTypes": [
        "Grass"
      ],
      "minLevel": 28,
      "maxLevel": 45,
      "typeID": "pokemon",
      "heldItems": [
        {
          "itemID": "pixelmon:rawst_berry",
          "percentChance": 5
        }
      ],
      "condition": {
        "times": [
          "DAY"
        ],
        "stringBiomes": [
          "jungles",
          "byg:crag_gardens"
        ]
      },
      "rarity": 0.5
    }
  ]
}