{
  "id": "Piplup Line Grass",
  "spawnInfos": [
    {
      "spec": "species:Piplup",
      "stringLocationTypes": [
        "Grass"
      ],
      "minLevel": 5,
      "maxLevel": 10,
      "typeID": "pokemon",
      "condition": {
        "times": [
          "NIGHT"
        ],
        "stringBiomes": [
          "minecraft:frozen_ocean",
          "minecraft:deep_frozen_ocean",
          "minecraft:frozen_river",
          "minecraft:snowy_beach",
          "byg:snowy_rocky_black_beach",
          "byg:snowy_black_beach",
          "byg:frozen_lake",
          "terraforged:frozen_lake"
        ]
      },
      "rarityMultipliers": [
        {
          "multiplier": 2,
          "condition": {
            "weathers": [
              "RAIN"
            ]
          }
        }
      ],
      "rarity": 10.0
    },
    {
      "spec": "species:Prinplup",
      "stringLocationTypes": [
        "Grass"
      ],
      "minLevel": 16,
      "maxLevel": 34,
      "typeID": "pokemon",
      "condition": {
        "times": [
          "NIGHT"
        ],
        "stringBiomes": [
          "minecraft:frozen_ocean",
          "minecraft:deep_frozen_ocean",
          "minecraft:frozen_river",
          "minecraft:snowy_beach",
          "byg:snowy_rocky_black_beach",
          "byg:snowy_black_beach",
          "byg:frozen_lake",
          "terraforged:frozen_lake"
        ]
      },
      "rarityMultipliers": [
        {
          "multiplier": 2,
          "condition": {
            "weathers": [
              "RAIN"
            ]
          }
        }
      ],
      "rarity": 1.0
    },
    {
      "spec": "species:Empoleon",
      "stringLocationTypes": [
        "Grass"
      ],
      "minLevel": 36,
      "maxLevel": 50,
      "typeID": "pokemon",
      "condition": {
        "times": [
          "NIGHT"
        ],
        "stringBiomes": [
          "minecraft:frozen_ocean",
          "minecraft:deep_frozen_ocean",
          "minecraft:frozen_river",
          "minecraft:snowy_beach",
          "byg:snowy_rocky_black_beach",
          "byg:snowy_black_beach",
          "byg:frozen_lake",
          "terraforged:frozen_lake"
        ]
      },
      "rarityMultipliers": [
        {
          "multiplier": 2,
          "condition": {
            "weathers": [
              "RAIN"
            ]
          }
        }
      ],
      "rarity": 1.0
    }
  ]
}