{
  "id": "Ponyta Line Grass",
  "spawnInfos": [
    {
      "spec": "species:Ponyta",
      "stringLocationTypes": [
        "Grass"
      ],
      "minLevel": 10,
      "maxLevel": 40,
      "typeID": "pokemon",
      "condition": {
        "times": [
          "MORNING"
        ],
        "weathers": [
          "CLEAR"
        ],
        "stringBiomes": [
          "plains",
          "savannas"
        ]
      },
      "rarity": 90.0
    },
    {
      "spec": "species:Ponyta form:galarian",
      "stringLocationTypes": [
        "Grass"
      ],
      "minLevel": 10,
      "maxLevel": 40,
      "typeID": "pokemon",
      "condition": {
        "times": [
          "NIGHT"
        ],
        "weathers": [
          "CLEAR"
        ],
        "stringBiomes": [
          "flowery",
          "magical"
        ]
      },
      "rarity": 20.0
    },
    {
      "spec": "species:Rapidash",
      "stringLocationTypes": [
        "Land"
      ],
      "minLevel": 40,
      "maxLevel": 50,
      "typeID": "pokemon",
      "condition": {
        "times": [
          "MORNING"
        ],
        "weathers": [
          "CLEAR"
        ],
        "stringBiomes": [
          "plains",
          "savannas"
        ]
      },
      "rarity": 5.0
    },
    {
      "spec": "species:Rapidash form:galarian",
      "stringLocationTypes": [
        "Land"
      ],
      "minLevel": 40,
      "maxLevel": 50,
      "typeID": "pokemon",
      "condition": {
        "times": [
          "NIGHT"
        ],
        "weathers": [
          "CLEAR"
        ],
        "stringBiomes": [
          "flowery",
          "magical"
        ]
      },
      "rarity": 0.5
    }
  ]
}
