{
  "id": "Poochyena Line Grass",
  "spawnInfos": [
    {
      "spec": "species:Poochyena",
      "stringLocationTypes": [
        "Grass"
      ],
      "minLevel": 5,
      "maxLevel": 17,
      "typeID": "pokemon",
      "condition": {
        "times": [
          "DUSK",
          "NIGHT"
        ],
        "stringBiomes": [
          "all forests",
          "freezing forests",
          "evil"
        ]
      },
      "rarityMultipliers": [
        {
          "multiplier": 2,
          "condition": {
            "times": [
              "MIDNIGHT"
            ]
          }
        }
      ],
      "rarity": 130.0
    },
    {
      "spec": "species:Mightyena",
      "stringLocationTypes": [
        "Grass"
      ],
      "minLevel": 18,
      "maxLevel": 65,
      "typeID": "pokemon",
      "condition": {
        "times": [
          "DUSK",
          "NIGHT"
        ],
        "stringBiomes": [
          "all forests",
          "freezing forests",
          "evil"
        ]
      },
      "rarityMultipliers": [
        {
          "multiplier": 2,
          "condition": {
            "times": [
              "MIDNIGHT"
            ]
          }
        }
      ],
      "rarity": 7.0
    }
  ]
}
