{
  "id": "Popplio Line Grass",
  "spawnInfos": [
    {
      "spec": "species:Popplio",
      "stringLocationTypes": [
        "Grass"
      ],
      "minLevel": 5,
      "maxLevel": 16,
      "typeID": "pokemon",
      "condition": {
        "times": [
          "MORNING"
        ],
        "stringBiomes": [
          "minecraft:beach",
          "biomesoplenty:gravel_beach",
          "biomesoplenty:tropic_beach",
          "byg:rainbow_beach",
          "byg:white_beach",
          "terraforged:warm_beach"
        ]
      },
      "rarityMultipliers": [
        {
          "multiplier": 2,
          "condition": {
            "weathers": [
              "CLEAR"
            ]
          }
        }
      ],
      "rarity": 10.0
    },
    {
      "spec": "species:Brionne",
      "stringLocationTypes": [
        "Grass"
      ],
      "minLevel": 17,
      "maxLevel": 33,
      "typeID": "pokemon",
      "condition": {
        "times": [
          "MORNING"
        ],
        "stringBiomes": [
          "minecraft:beach",
          "biomesoplenty:gravel_beach",
          "biomesoplenty:tropic_beach",
          "byg:rainbow_beach",
          "byg:white_beach",
          "terraforged:warm_beach"
        ]
      },
      "rarityMultipliers": [
        {
          "multiplier": 2,
          "condition": {
            "weathers": [
              "CLEAR"
            ]
          }
        }
      ],
      "rarity": 1.0
    },
    {
      "spec": "species:Primarina",
      "stringLocationTypes": [
        "Grass"
      ],
      "minLevel": 34,
      "maxLevel": 55,
      "typeID": "pokemon",
      "condition": {
        "times": [
          "MORNING"
        ],
        "stringBiomes": [
          "minecraft:beach",
          "biomesoplenty:gravel_beach",
          "biomesoplenty:tropic_beach",
          "byg:rainbow_beach",
          "byg:white_beach",
          "terraforged:warm_beach"
        ]
      },
      "rarityMultipliers": [
        {
          "multiplier": 2,
          "condition": {
            "weathers": [
              "CLEAR"
            ]
          }
        }
      ],
      "rarity": 1.0
    }
  ]
}