{
  "id": "Psyduck Line Grass",
  "spawnInfos": [
    {
      "spec": "species:Psyduck",
      "stringLocationTypes": [
        "Grass"
      ],
      "minLevel": 5,
      "maxLevel": 33,
      "typeID": "pokemon",
      "condition": {
        "times": [
          "DAY"
        ],
        "stringBiomes": [
          "swamps",
          "minecraft:river",
          "lakes"
        ]
      },
      "rarityMultipliers": [
        {
          "multiplier": 1.5,
          "condition": {
            "weathers": [
              "RAIN"
            ]
          }
        }
      ],
      "rarity": 100.0
    },
    {
      "spec": "species:Golduck",
      "stringLocationTypes": [
        "Grass"
      ],
      "minLevel": 33,
      "maxLevel": 50,
      "typeID": "pokemon",
      "condition": {
        "times": [
          "DAY"
        ],
        "stringBiomes": [
          "swamps",
          "minecraft:river",
          "lakes"
        ]
      },
      "rarityMultipliers": [
        {
          "multiplier": 1.5,
          "condition": {
            "weathers": [
              "RAIN"
            ]
          }
        }
      ],
      "rarity": 5.0
    }
  ]
}