{
  "id": "Ralts Line Grass",
  "spawnInfos": [
    {
      "spec": "species:Ralts",
      "stringLocationTypes": [
        "Grass"
      ],
      "minLevel": 5,
      "maxLevel": 19,
      "typeID": "pokemon",
      "condition": {
        "times": [
          "DAWN",
          "DUSK"
        ],
        "stringBiomes": [
          "birches"
        ]
      },
      "rarity": 90.0
    },
    {
      "spec": "species:Kirlia",
      "stringLocationTypes": [
        "Grass"
      ],
      "minLevel": 20,
      "maxLevel": 29,
      "typeID": "pokemon",
      "condition": {
        "times": [
          "DAWN",
          "DUSK"
        ],
        "stringBiomes": [
          "birches"
        ]
      },
      "rarity": 6.0
    },
    {
      "spec": "species:Gardevoir",
      "stringLocationTypes": [
        "Grass"
      ],
      "minLevel": 30,
      "maxLevel": 65,
      "typeID": "pokemon",
      "condition": {
        "times": [
          "DAWN",
          "DUSK"
        ],
        "stringBiomes": [
          "birches"
        ]
      },
      "rarity": 0.5
    },
    {
      "spec": "species:Gallade",
      "stringLocationTypes": [
        "Grass"
      ],
      "minLevel": 30,
      "maxLevel": 65,
      "typeID": "pokemon",
      "condition": {
        "times": [
          "DAWN"
        ],
        "stringBiomes": [
          "birches"
        ]
      },
      "rarity": 0.5
    }
  ]
}