{
  "id": "Rattata Line Grass",
  "spawnInfos": [
    {
      "spec": "species:Rattata",
      "stringLocationTypes": [
        "Grass"
      ],
      "minLevel": 2,
      "maxLevel": 20,
      "typeID": "pokemon",
      "heldItems": [
        {
          "itemID": "pixelmon:chilan_berry",
          "percentChance": 5
        }
      ],
      "condition": {
        "stringBiomes": [
          "plains",
          "forests",
          "evil"
        ]
      },
      "rarity": 300.0
    },
    {
      "spec": "species:Rattata form:alolan",
      "stringLocationTypes": [
        "Grass"
      ],
      "minLevel": 2,
      "maxLevel": 20,
      "typeID": "pokemon",
      "heldItems": [
        {
          "itemID": "pixelmon:pecha_berry",
          "percentChance": 5
        }
      ],
      "condition": {
        "times": [
          "NIGHT"
        ],
        "stringBiomes": [
          "plains",
          "roofed",
          "evil"
        ]
      },
      "rarity": 40.0
    },
    {
      "spec": "species:Raticate",
      "stringLocationTypes": [
        "Grass"
      ],
      "minLevel": 20,
      "maxLevel": 32,
      "typeID": "pokemon",
      "heldItems": [
        {
          "itemID": "pixelmon:chilan_berry",
          "percentChance": 5
        }
      ],
      "condition": {
        "stringBiomes": [
          "plains",
          "forests",
          "evil"
        ]
      },
      "rarity": 90.0
    },
    {
      "spec": "species:Raticate form:alolan",
      "stringLocationTypes": [
        "Grass"
      ],
      "minLevel": 20,
      "maxLevel": 32,
      "typeID": "pokemon",
      "heldItems": [
        {
          "itemID": "pixelmon:pecha_berry",
          "percentChance": 5
        }
      ],
      "condition": {
        "times": [
          "NIGHT"
        ],
        "stringBiomes": [
          "plains",
          "roofed",
          "evil"
        ]
      },
      "rarity": 0.5
    }
  ]
}
