{
  "id": "Riolu Line Grass",
  "spawnInfos": [
    {
      "spec": "species:Riolu",
      "stringLocationTypes": [
        "Grass"
      ],
      "minLevel": 5,
      "maxLevel": 30,
      "typeID": "pokemon",
      "condition": {
        "times": [
          "DAWN",
          "DUSK"
        ],
        "stringBiomes": [
          "mountainous forests"
        ]
      },
      "rarity": 30.0
    },
    {
      "spec": "species:Lucario",
      "stringLocationTypes": [
        "Grass"
      ],
      "minLevel": 31,
      "maxLevel": 55,
      "typeID": "pokemon",
      "condition": {
        "times": [
          "DAWN",
          "DUSK"
        ],
        "stringBiomes": [
          "mountainous forests"
        ]
      },
      "rarity": 0.1
    }
  ]
}