{
  "id": "Rockruff Line Grass",
  "spawnInfos": [
    {
      "spec": "species:Rockruff",
      "stringLocationTypes": [
        "Grass"
      ],
      "minLevel": 5,
      "maxLevel": 24,
      "typeID": "pokemon",
      "condition": {
        "stringBiomes": [
          "hills",
          "minecraft:snowy_taiga_hills",
          "byg:snowy_blue_taiga_hills",
          "byg:snowy_coniferous_forest_hills",
          "byg:snowy_deciduous_forest_hills",
          "byg:snowy_evergreen_hills"
        ]
      },
      "rarity": 130.0
    },
    {
      "spec": "species:Lycanroc form:midday",
      "stringLocationTypes": [
        "Grass"
      ],
      "minLevel": 25,
      "maxLevel": 40,
      "typeID": "pokemon",
      "condition": {
        "times": [
          "DAY"
        ],
        "stringBiomes": [
          "hills",
          "minecraft:snowy_taiga_hills",
          "byg:snowy_blue_taiga_hills",
          "byg:snowy_coniferous_forest_hills",
          "byg:snowy_deciduous_forest_hills",
          "byg:snowy_evergreen_hills"
        ]
      },
      "rarity": 8.0
    },
    {
      "spec": "species:Lycanroc form:midnight",
      "stringLocationTypes": [
        "Grass"
      ],
      "minLevel": 25,
      "maxLevel": 40,
      "typeID": "pokemon",
      "condition": {
        "times": [
          "NIGHT"
        ],
        "stringBiomes": [
          "hills",
          "minecraft:snowy_taiga_hills",
          "byg:snowy_blue_taiga_hills",
          "byg:snowy_coniferous_forest_hills",
          "byg:snowy_deciduous_forest_hills",
          "byg:snowy_evergreen_hills"
        ]
      },
      "rarity": 8.0
    },
    {
      "spec": "species:Lycanroc form:dusk",
      "stringLocationTypes": [
        "Grass"
      ],
      "minLevel": 25,
      "maxLevel": 40,
      "typeID": "pokemon",
      "condition": {
        "times": [
          "DUSK"
        ],
        "stringBiomes": [
          "hills",
          "minecraft:snowy_taiga_hills",
          "byg:snowy_blue_taiga_hills",
          "byg:snowy_coniferous_forest_hills",
          "byg:snowy_deciduous_forest_hills",
          "byg:snowy_evergreen_hills"
        ]
      },
      "rarity": 8.0
    }
  ]
}
