{
  "id": "Roggenrola Line Grass",
  "spawnInfos": [
    {
      "spec": "species:Roggenrola",
      "stringLocationTypes": [
        "Grass"
      ],
      "minLevel": 7,
      "maxLevel": 16,
      "typeID": "pokemon",
      "heldItems": [
        {
          "itemID": "pixelmon:hard_stone",
          "percentChance": 5
        },
        {
          "itemID": "pixelmon:ever_stone",
          "percentChance": 5
        }
      ],
      "condition": {
        "stringBiomes": [
          "minecraft:shattered_savanna",
          "minecraft:shattered_savanna_plateau",
          "mesas",
          "pixelmon:ultra_deep_sea",
          "biomesoplenty:volcano",
          "biomesoplenty:volcanic_plains"
        ]
      },
      "rarity": 250.0
    },
    {
      "spec": "species:Boldore",
      "stringLocationTypes": [
        "Grass"
      ],
      "minLevel": 25,
      "maxLevel": 40,
      "typeID": "pokemon",
      "heldItems": [
        {
          "itemID": "pixelmon:hard_stone",
          "percentChance": 5
        },
        {
          "itemID": "pixelmon:ever_stone",
          "percentChance": 5
        }
      ],
      "condition": {
        "stringBiomes": [
          "minecraft:shattered_savanna",
          "minecraft:shattered_savanna_plateau",
          "mesas",
          "pixelmon:ultra_deep_sea",
          "biomesoplenty:volcano",
          "biomesoplenty:volcanic_plains"
        ]
      },
      "rarity": 8.0
    }
  ]
}