{
  "id": "Rookidee Line Grass",
  "spawnInfos": [
    {
      "spec": "species:Rookidee",
      "stringLocationTypes": [
        "Grass"
      ],
      "minLevel": 7,
      "maxLevel": 17,
      "typeID": "pokemon",
      "condition": {
        "times": [
          "DUSK",
          "NIGHT"
        ],
        "stringBiomes": [
          "mountainous",
          "mountainous forests",
          "redwoods",
          "swamps",
          "biomesoplenty:burnt_forest"
        ]
      },
      "rarity": 300.0
    },
    {
      "spec": "species:Corvisquire",
      "stringLocationTypes": [
        "Grass"
      ],
      "minLevel": 18,
      "maxLevel": 35,
      "typeID": "pokemon",
      "condition": {
        "times": [
          "DUSK",
          "NIGHT"
        ],
        "stringBiomes": [
          "mountainous",
          "mountainous forests",
          "redwoods",
          "swamps",
          "biomesoplenty:burnt_forest"
        ]
      },
      "rarity": 90.0
    },
    {
      "spec": "species:Corviknight",
      "stringLocationTypes": [
        "Grass"
      ],
      "minLevel": 38,
      "maxLevel": 55,
      "typeID": "pokemon",
      "condition": {
        "times": [
          "NIGHT"
        ],
        "stringBiomes": [
          "mountainous",
          "mountainous forests",
          "redwoods",
          "swamps",
          "biomesoplenty:burnt_forest"
        ]
      },
      "rarity": 0.5
    }
  ]
}