{
  "id": "Roselia Line Grass",
  "spawnInfos": [
    {
      "spec": "species:Roselia",
      "stringLocationTypes": [
        "Grass"
      ],
      "minLevel": 12,
      "maxLevel": 25,
      "typeID": "pokemon",
      "heldItems": [
        {
          "itemID": "pixelmon:poison_barb",
          "percentChance": 5
        }
      ],
      "condition": {
        "times": [
          "MORNING"
        ],
        "stringBiomes": [
          "flowery",
          "magical"
        ]
      },
      "rarity": 130.0
    },
    {
      "spec": "species:Roserade",
      "stringLocationTypes": [
        "Grass"
      ],
      "minLevel": 35,
      "maxLevel": 50,
      "typeID": "pokemon",
      "heldItems": [
        {
          "itemID": "pixelmon:poison_barb",
          "percentChance": 5
        }
      ],
      "condition": {
        "times": [
          "MORNING"
        ],
        "stringBiomes": [
          "flowery",
          "magical"
        ]
      },
      "rarity": 0.5
    }
  ]
}