{
  "id": "Rowlet Line Grass",
  "spawnInfos": [
    {
      "spec": "species:Rowlet",
      "stringLocationTypes": [
        "Grass"
      ],
      "minLevel": 5,
      "maxLevel": 16,
      "typeID": "pokemon",
      "condition": {
        "times": [
          "NIGHT"
        ],
        "stringBiomes": [
          "taigas",
          "redwoods"
        ]
      },
      "rarity": 5.0
    },
    {
      "spec": "species:Dartrix",
      "stringLocationTypes": [
        "Grass"
      ],
      "minLevel": 17,
      "maxLevel": 33,
      "typeID": "pokemon",
      "condition": {
        "times": [
          "NIGHT"
        ],
        "stringBiomes": [
          "taigas",
          "redwoods"
        ]
      },
      "rarity": 0.5
    },
    {
      "spec": "species:Decidueye",
      "stringLocationTypes": [
        "Grass"
      ],
      "minLevel": 34,
      "maxLevel": 55,
      "typeID": "pokemon",
      "condition": {
        "times": [
          "NIGHT"
        ],
        "stringBiomes": [
          "taigas",
          "redwoods"
        ]
      },
      "rarityMultipliers": [
        {
          "multiplier": 1.5,
          "condition": {
            "times": [
              "MIDNIGHT"
            ]
          }
        }
      ],
      "rarity": 0.5
    }
  ]
}