{
  "id": "Rufflet Line Grass",
  "spawnInfos": [
    {
      "spec": "species:Rufflet",
      "stringLocationTypes": [
        "Grass"
      ],
      "minLevel": 10,
      "maxLevel": 54,
      "typeID": "pokemon",
      "condition": {
        "times": [
          "DAY"
        ],
        "stringBiomes": [
          "mountainous",
          "mountainous forests"
        ],
        "minY": 100
      },
      "rarity": 130.0
    },
    {
      "spec": "species:Rufflet",
      "stringLocationTypes": [
        "Grass"
      ],
      "minLevel": 10,
      "maxLevel": 54,
      "typeID": "pokemon",
      "condition": {
        "times": [
          "DAWN",
          "DAY"
        ],
        "weathers": [
          "CLEAR"
        ],
        "stringBiomes": [
          "freezing forests"
        ],
        "minY": 100
      },
      "rarity": 130.0
    },
    {
      "spec": "species:Braviary",
      "stringLocationTypes": [
        "Grass"
      ],
      "minLevel": 54,
      "maxLevel": 65,
      "typeID": "pokemon",
      "condition": {
        "times": [
          "DAY"
        ],
        "stringBiomes": [
          "mountainous",
          "mountainous forests",
          "freezing forests"
        ]
      },
      "rarity": 0.5
    },
    {
      "spec": "species:Braviary form:hisuian",
      "stringLocationTypes": [
        "Grass"
      ],
      "minLevel": 54,
      "maxLevel": 65,
      "typeID": "pokemon",
      "condition": {
        "times": [
          "DAWN",
          "DAY"
        ],
        "stringBiomes": [
          "mountainous",
          "mountainous forests",
          "freezing forests"
        ]
      },
      "rarity": 0.01
    }
  ]
}
