{
  "id": "Sandygast Line Grass",
  "spawnInfos": [
    {
      "spec": "species:Sandygast",
      "stringLocationTypes": [
        "Grass"
      ],
      "minLevel": 20,
      "maxLevel": 40,
      "typeID": "pokemon",
      "heldItems": [
        {
          "itemID": "pixelmon:spell_tag",
          "percentChance": 5
        }
      ],
      "condition": {
        "times": [
          "NIGHT"
        ],
        "stringBiomes": [
          "beaches"
        ]
      },
      "rarity": 170.0
    },
    {
      "spec": "species:Palossand",
      "stringLocationTypes": [
        "Grass"
      ],
      "minLevel": 42,
      "maxLevel": 55,
      "typeID": "pokemon",
      "heldItems": [
        {
          "itemID": "pixelmon:spell_tag",
          "percentChance": 5
        }
      ],
      "condition": {
        "times": [
          "NIGHT"
        ],
        "stringBiomes": [
          "beaches"
        ]
      },
      "rarity": 6.0
    }
  ]
}