{
  "id": "Sandile Line Grass",
  "spawnInfos": [
    {
      "spec": "species:Sandile",
      "stringLocationTypes": [
        "Grass"
      ],
      "minLevel": 5,
      "maxLevel": 29,
      "typeID": "pokemon",
      "heldItems": [
        {
          "itemID": "pixelmon:black_glasses",
          "percentChance": 5
        }
      ],
      "condition": {
        "times": [
          "NIGHT"
        ],
        "stringBiomes": [
          "arid"
        ]
      },
      "rarity": 130.0
    },
    {
      "spec": "species:Krokorok",
      "stringLocationTypes": [
        "Grass"
      ],
      "minLevel": 29,
      "maxLevel": 40,
      "typeID": "pokemon",
      "heldItems": [
        {
          "itemID": "pixelmon:black_glasses",
          "percentChance": 5
        }
      ],
      "condition": {
        "times": [
          "NIGHT"
        ],
        "stringBiomes": [
          "arid"
        ]
      },
      "rarity": 8.0
    },
    {
      "spec": "species:Krookodile",
      "stringLocationTypes": [
        "Grass"
      ],
      "minLevel": 40,
      "maxLevel": 55,
      "typeID": "pokemon",
      "heldItems": [
        {
          "itemID": "pixelmon:black_sunglasses",
          "percentChance": 50
        }
      ],
      "condition": {
        "times": [
          "NIGHT"
        ],
        "stringBiomes": [
          "minecraft:desert_lakes"
        ]
      },
      "rarityMultipliers": [
        {
          "multiplier": 2,
          "condition": {
            "times": [
              "MIDNIGHT"
            ]
          }
        }
      ],
      "rarity": 0.5
    }
  ]
}