{
  "id": "Sawk",
  "spawnInfos": [
    {
      "spec": "species:Sawk",
      "stringLocationTypes": [
        "Grass"
      ],
      "minLevel": 34,
      "maxLevel": 48,
      "typeID": "pokemon",
      "heldItems": [
        {
          "itemID": "pixelmon:black_belt",
          "percentChance": 5
        }
      ],
      "condition": {
        "times": [
          "AFTERNOON"
        ],
        "stringBiomes": [
          "minecraft:shattered_savanna",
          "minecraft:shattered_savanna_plateau"
        ]
      },
      "rarity": 30.0
    }
  ]
}