{
  "id": "Scatterbug Line Grass",
  "spawnInfos": [
    {
      "spec": "species:Scatterbug",
      "stringLocationTypes": [
        "Grass"
      ],
      "minLevel": 3,
      "maxLevel": 8,
      "typeID": "pokemon",
      "condition": {
        "times": [
          "DAWN",
          "MORNING"
        ],
        "stringBiomes": [
          "birches",
          "freezing forests",
          "magical"
        ]
      },
      "rarity": 300.0
    },
    {
      "spec": "species:Spewpa",
      "stringLocationTypes": [
        "Grass"
      ],
      "minLevel": 10,
      "maxLevel": 11,
      "typeID": "pokemon",
      "condition": {
        "times": [
          "DAWN",
          "MORNING"
        ],
        "stringBiomes": [
          "birches",
          "freezing forests",
          "magical"
        ]
      },
      "rarity": 40.0
    },
    {
      "spec": "species:Vivillon palette:archipelago",
      "stringLocationTypes": [
        "Grass"
      ],
      "minLevel": 13,
      "maxLevel": 24,
      "typeID": "pokemon",
      "condition": {
        "times": [
          "MORNING"
        ],
        "stringBiomes": [
          "mushroom"
        ]
      },
      "rarity": 5.0
    },
    {
      "spec": "species:Vivillon palette:continental",
      "stringLocationTypes": [
        "Grass"
      ],
      "minLevel": 13,
      "maxLevel": 24,
      "typeID": "pokemon",
      "condition": {
        "times": [
          "MORNING"
        ],
        "stringBiomes": [
          "mesas"
        ]
      },
      "rarity": 5.0
    },
    {
      "spec": "species:Vivillon palette:elegant",
      "stringLocationTypes": [
        "Grass"
      ],
      "minLevel": 13,
      "maxLevel": 24,
      "typeID": "pokemon",
      "condition": {
        "times": [
          "MORNING"
        ],
        "stringBiomes": [
          "roofed"
        ]
      },
      "rarity": 5.0
    },
    {
      "spec": "species:Vivillon palette:garden",
      "stringLocationTypes": [
        "Grass"
      ],
      "minLevel": 13,
      "maxLevel": 24,
      "typeID": "pokemon",
      "condition": {
        "times": [
          "MORNING"
        ],
        "stringBiomes": [
          "birches"
        ]
      },
      "rarity": 5.0
    },
    {
      "spec": "species:Vivillon palette:high_plains",
      "stringLocationTypes": [
        "Grass"
      ],
      "minLevel": 13,
      "maxLevel": 24,
      "typeID": "pokemon",
      "condition": {
        "times": [
          "MORNING"
        ],
        "stringBiomes": [
          "redwoods"
        ]
      },
      "rarity": 5.0
    },
    {
      "spec": "species:Vivillon palette:icy_snow",
      "stringLocationTypes": [
        "Grass"
      ],
      "minLevel": 13,
      "maxLevel": 24,
      "typeID": "pokemon",
      "condition": {
        "times": [
          "MORNING"
        ],
        "stringBiomes": [
          "freezing forests"
        ]
      },
      "rarity": 5.0
    },
    {
      "spec": "species:Vivillon palette:jungle",
      "stringLocationTypes": [
        "Grass"
      ],
      "minLevel": 13,
      "maxLevel": 24,
      "typeID": "pokemon",
      "condition": {
        "times": [
          "MORNING"
        ],
        "stringBiomes": [
          "jungles"
        ]
      },
      "rarity": 5.0
    },
    {
      "spec": "species:Vivillon palette:marine",
      "stringLocationTypes": [
        "Grass"
      ],
      "minLevel": 13,
      "maxLevel": 24,
      "typeID": "pokemon",
      "condition": {
        "times": [
          "MORNING"
        ],
        "stringBiomes": [
          "beaches"
        ]
      },
      "rarity": 5.0
    },
    {
      "spec": "species:Vivillon palette:meadow",
      "stringLocationTypes": [
        "Grass"
      ],
      "minLevel": 13,
      "maxLevel": 24,
      "typeID": "pokemon",
      "condition": {
        "times": [
          "MORNING"
        ],
        "stringBiomes": [
          "minecraft:flower_forest"
        ]
      },
      "rarity": 5.0
    },
    {
      "spec": "species:Vivillon palette:modern",
      "stringLocationTypes": [
        "Grass"
      ],
      "minLevel": 13,
      "maxLevel": 24,
      "typeID": "pokemon",
      "condition": {
        "times": [
          "MORNING"
        ],
        "stringBiomes": [
          "mountainous"
        ]
      },
      "rarity": 5.0
    },
    {
      "spec": "species:Vivillon palette:monsoon",
      "stringLocationTypes": [
        "Grass"
      ],
      "minLevel": 13,
      "maxLevel": 24,
      "typeID": "pokemon",
      "condition": {
        "times": [
          "MORNING"
        ],
        "stringBiomes": [
          "swamps"
        ]
      },
      "rarity": 5.0
    },
    {
      "spec": "species:Vivillon palette:ocean",
      "stringLocationTypes": [
        "Grass"
      ],
      "minLevel": 13,
      "maxLevel": 24,
      "typeID": "pokemon",
      "condition": {
        "times": [
          "MORNING"
        ],
        "stringBiomes": [
          "minecraft:ocean",
          "minecraft:deep_ocean",
          "minecraft:warm_ocean",
          "minecraft:deep_warm_ocean"
        ]
      },
      "rarity": 5.0
    },
    {
      "spec": "species:Vivillon palette:polar",
      "stringLocationTypes": [
        "Grass"
      ],
      "minLevel": 13,
      "maxLevel": 24,
      "typeID": "pokemon",
      "condition": {
        "times": [
          "MORNING"
        ],
        "stringBiomes": [
          "minecraft:frozen_ocean",
          "minecraft:deep_frozen_ocean",
          "minecraft:frozen_river",
          "byg:shattered_glacier"
        ]
      },
      "rarity": 5.0
    },
    {
      "spec": "species:Vivillon palette:river",
      "stringLocationTypes": [
        "Grass"
      ],
      "minLevel": 13,
      "maxLevel": 24,
      "typeID": "pokemon",
      "condition": {
        "times": [
          "MORNING"
        ],
        "stringBiomes": [
          "minecraft:river",
          "lakes"
        ]
      },
      "rarity": 5.0
    },
    {
      "spec": "species:Vivillon palette:sandstorm",
      "stringLocationTypes": [
        "Grass"
      ],
      "minLevel": 13,
      "maxLevel": 24,
      "typeID": "pokemon",
      "condition": {
        "times": [
          "MORNING"
        ],
        "stringBiomes": [
          "arid"
        ]
      },
      "rarity": 5.0
    },
    {
      "spec": "species:Vivillon palette:savanna",
      "stringLocationTypes": [
        "Grass"
      ],
      "minLevel": 13,
      "maxLevel": 24,
      "typeID": "pokemon",
      "condition": {
        "times": [
          "MORNING"
        ],
        "stringBiomes": [
          "savannas"
        ]
      },
      "rarity": 5.0
    },
    {
      "spec": "species:Vivillon palette:sun",
      "stringLocationTypes": [
        "Grass"
      ],
      "minLevel": 13,
      "maxLevel": 24,
      "typeID": "pokemon",
      "condition": {
        "times": [
          "MORNING"
        ],
        "stringBiomes": [
          "minecraft:sunflower_plains"
        ]
      },
      "rarity": 5.0
    },
    {
      "spec": "species:Vivillon palette:tundra",
      "stringLocationTypes": [
        "Grass"
      ],
      "minLevel": 13,
      "maxLevel": 24,
      "typeID": "pokemon",
      "condition": {
        "times": [
          "MORNING"
        ],
        "stringBiomes": [
          "minecraft:snowy_tundra",
          "minecraft:ice_spikes",
          "biomesoplenty:tundra",
          "biomesoplenty:tundra_basin",
          "biomesoplenty:tundra_bog"
        ]
      },
      "rarity": 5.0
    },
    {
      "spec": "species:Vivillon palette:fancy",
      "stringLocationTypes": [
        "Grass"
      ],
      "minLevel": 13,
      "maxLevel": 24,
      "typeID": "pokemon",
      "condition": {
        "times": [
          "MORNING"
        ],
        "stringBiomes": [
          "plains"
        ]
      },
      "rarity": 5.0
    }
  ]
}