{
  "id": "Scorbunny Line Grass",
  "spawnInfos": [
    {
      "spec": "species:Scorbunny",
      "stringLocationTypes": [
        "Grass"
      ],
      "minLevel": 10,
      "maxLevel": 15,
      "typeID": "pokemon",
      "condition": {
        "times": [
          "MORNING"
        ],
        "stringBiomes": [
          "plains"
        ]
      },
      "rarity": 10.0
    },
    {
      "spec": "species:Raboot",
      "stringLocationTypes": [
        "Grass"
      ],
      "minLevel": 16,
      "maxLevel": 34,
      "typeID": "pokemon",
      "condition": {
        "times": [
          "MORNING"
        ],
        "stringBiomes": [
          "plains"
        ]
      },
      "rarity": 1.0
    },
    {
      "spec": "species:Cinderace",
      "stringLocationTypes": [
        "Grass"
      ],
      "minLevel": 35,
      "maxLevel": 50,
      "typeID": "pokemon",
      "condition": {
        "times": [
          "MORNING"
        ],
        "stringBiomes": [
          "plains"
        ]
      },
      "rarity": 1.0
    }
  ]
}