{
  "id": "Scraggy Line Grass",
  "spawnInfos": [
    {
      "spec": "species:Scraggy",
      "stringLocationTypes": [
        "Grass"
      ],
      "minLevel": 15,
      "maxLevel": 34,
      "typeID": "pokemon",
      "heldItems": [
        {
          "itemID": "pixelmon:shed_skin",
          "percentChance": 5
        }
      ],
      "condition": {
        "times": [
          "NIGHT"
        ],
        "stringBiomes": [
          "mesas"
        ]
      },
      "rarity": 90.0
    },
    {
      "spec": "species:Scrafty",
      "stringLocationTypes": [
        "Grass"
      ],
      "minLevel": 35,
      "maxLevel": 49,
      "typeID": "pokemon",
      "heldItems": [
        {
          "itemID": "pixelmon:shed_skin",
          "percentChance": 5
        }
      ],
      "condition": {
        "times": [
          "NIGHT"
        ],
        "stringBiomes": [
          "mesas"
        ]
      },
      "rarity": 5.0
    }
  ]
}