{
  "id": "Sentret Line Grass",
  "spawnInfos": [
    {
      "spec": "species:Sentret",
      "stringLocationTypes": [
        "Grass"
      ],
      "minLevel": 5,
      "maxLevel": 14,
      "typeID": "pokemon",
      "condition": {
        "stringBiomes": [
          "plains",
          "biomesoplenty:tundra",
          "biomesoplenty:tundra_basin",
          "biomesoplenty:tundra_bog"
        ]
      },
      "rarity": 300.0
    },
    {
      "spec": "species:Furret",
      "stringLocationTypes": [
        "Grass"
      ],
      "minLevel": 15,
      "maxLevel": 50,
      "typeID": "pokemon",
      "condition": {
        "stringBiomes": [
          "plains",
          "biomesoplenty:tundra",
          "biomesoplenty:tundra_basin",
          "biomesoplenty:tundra_bog"
        ]
      },
      "rarity": 40.0
    }
  ]
}