{
  "id": "Sewaddle Line Grass",
  "spawnInfos": [
    {
      "spec": "species:Sewaddle",
      "stringLocationTypes": [
        "Grass"
      ],
      "minLevel": 5,
      "maxLevel": 20,
      "typeID": "pokemon",
      "heldItems": [
        {
          "itemID": "pixelmon:mental_herb",
          "percentChance": 5
        }
      ],
      "condition": {
        "times": [
          "DAWN",
          "DUSK"
        ],
        "stringBiomes": [
          "forests",
          "flowery"
        ]
      },
      "rarity": 250.0
    },
    {
      "spec": "species:Swadloon",
      "stringLocationTypes": [
        "Grass"
      ],
      "minLevel": 20,
      "maxLevel": 32,
      "typeID": "pokemon",
      "heldItems": [
        {
          "itemID": "pixelmon:mental_herb",
          "percentChance": 5
        }
      ],
      "condition": {
        "times": [
          "DAWN",
          "DUSK"
        ],
        "stringBiomes": [
          "forests",
          "flowery"
        ]
      },
      "rarity": 40.0
    },
    {
      "spec": "species:Leavanny",
      "stringLocationTypes": [
        "Grass"
      ],
      "minLevel": 35,
      "maxLevel": 45,
      "typeID": "pokemon",
      "heldItems": [
        {
          "itemID": "pixelmon:mental_herb",
          "percentChance": 5
        }
      ],
      "condition": {
        "times": [
          "DAWN",
          "DUSK"
        ],
        "stringBiomes": [
          "forests",
          "flowery"
        ]
      },
      "rarity": 0.5
    }
  ]
}