{
  "id": "Shellder Grass",
  "spawnInfos": [
    {
      "spec": "species:Shellder",
      "stringLocationTypes": [
        "Grass"
      ],
      "minLevel": 5,
      "maxLevel": 15,
      "typeID": "pokemon",
      "heldItems": [
        {
          "itemID": "pixelmon:big_pearl",
          "percentChance": 5
        },
        {
          "itemID": "pixelmon:pearl",
          "percentChance": 50
        }
      ],
      "condition": {
        "times": [
          "DUSK",
          "NIGHT"
        ],
        "stringBiomes": [
          "beaches"
        ]
      },
      "rarity": 40.0
    }
  ]
}