{
  "id": "Shinx Line Grass",
  "spawnInfos": [
    {
      "spec": "species:Shinx",
      "stringLocationTypes": [
        "Grass"
      ],
      "minLevel": 5,
      "maxLevel": 15,
      "typeID": "pokemon",
      "condition": {
        "times": [
          "NIGHT"
        ],
        "stringBiomes": [
          "savannas"
        ]
      },
      "rarity": 170.0
    },
    {
      "spec": "species:Luxio",
      "stringLocationTypes": [
        "Grass"
      ],
      "minLevel": 15,
      "maxLevel": 29,
      "typeID": "pokemon",
      "condition": {
        "times": [
          "NIGHT"
        ],
        "stringBiomes": [
          "savannas"
        ]
      },
      "rarity": 30.0
    },
    {
      "spec": "species:Luxray",
      "stringLocationTypes": [
        "Grass"
      ],
      "minLevel": 30,
      "maxLevel": 45,
      "typeID": "pokemon",
      "condition": {
        "times": [
          "NIGHT"
        ],
        "stringBiomes": [
          "savannas"
        ]
      },
      "rarity": 0.5
    }
  ]
}