{
  "id": "Shroomish Line Grass",
  "spawnInfos": [
    {
      "spec": "species:Shroomish",
      "stringLocationTypes": [
        "Grass"
      ],
      "minLevel": 2,
      "maxLevel": 22,
      "typeID": "pokemon",
      "heldItems": [
        {
          "itemID": "pixelmon:big_mushroom",
          "percentChance": 5
        },
        {
          "itemID": "pixelmon:tiny_mushroom",
          "percentChance": 50
        }
      ],
      "condition": {
        "times": [
          "DAWN",
          "DAY"
        ],
        "stringBiomes": [
          "roofed",
          "mushroom"
        ]
      },
      "rarityMultipliers": [
        {
          "multiplier": 2,
          "condition": {
            "neededNearbyBlocks": [
              "minecraft:mushroom_stem"
            ]
          }
        }
      ],
      "rarity": 130.0
    },
    {
      "spec": "species:Breloom",
      "stringLocationTypes": [
        "Grass"
      ],
      "minLevel": 23,
      "maxLevel": 65,
      "typeID": "pokemon",
      "heldItems": [
        {
          "itemID": "pixelmon:big_mushroom",
          "percentChance": 5
        },
        {
          "itemID": "pixelmon:tiny_mushroom",
          "percentChance": 50
        }
      ],
      "condition": {
        "times": [
          "DAWN",
          "DAY"
        ],
        "stringBiomes": [
          "roofed",
          "mushroom"
        ]
      },
      "rarityMultipliers": [
        {
          "multiplier": 2,
          "condition": {
            "neededNearbyBlocks": [
              "minecraft:mushroom_stem"
            ]
          }
        }
      ],
      "rarity": 6.0
    }
  ]
}