{
  "id": "Shuckle Grass",
  "spawnInfos": [
    {
      "spec": "species:Shuckle",
      "stringLocationTypes": [
        "Grass"
      ],
      "minLevel": 5,
      "maxLevel": 45,
      "typeID": "pokemon",
      "heldItems": [
        {
          "itemID": "pixelmon:berry_juice",
          "percentChance": 100
        }
      ],
      "condition": {
        "stringBiomes": [
          "minecraft:stone_shore",
          "pixelmon:ultra_deep_sea",
          "biomesoplenty:gravel_beach",
          "byg:basalt_barrera",
          "byg:rocky_beach"
        ]
      },
      "rarity": 90.0
    }
  ]
}