{
  "id": "Shuppet Line Grass",
  "spawnInfos": [
    {
      "spec": "species:Shuppet",
      "stringLocationTypes": [
        "Grass"
      ],
      "minLevel": 15,
      "maxLevel": 31,
      "typeID": "pokemon",
      "heldItems": [
        {
          "itemID": "pixelmon:spell_tag",
          "percentChance": 5
        }
      ],
      "condition": {
        "times": [
          "NIGHT"
        ],
        "stringBiomes": [
          "plains",
          "evil"
        ]
      },
      "rarity": 90.0
    },
    {
      "spec": "species:Banette",
      "stringLocationTypes": [
        "Grass"
      ],
      "minLevel": 35,
      "maxLevel": 45,
      "typeID": "pokemon",
      "heldItems": [
        {
          "itemID": "pixelmon:spell_tag",
          "percentChance": 5
        }
      ],
      "condition": {
        "times": [
          "MIDNIGHT"
        ],
        "stringBiomes": [
          "plains",
          "evil"
        ]
      },
      "rarity": 6.0
    }
  ]
}