{
  "id": "Silicobra Line Grass",
  "spawnInfos": [
    {
      "spec": "species:Silicobra",
      "stringLocationTypes": [
        "Grass"
      ],
      "minLevel": 15,
      "maxLevel": 35,
      "typeID": "pokemon",
      "condition": {
        "times": [
          "DAY"
        ],
        "stringBiomes": [
          "arid",
          "mesas"
        ]
      },
      "rarity": 170.0
    },
    {
      "spec": "species:Sandaconda",
      "stringLocationTypes": [
        "Grass"
      ],
      "minLevel": 36,
      "maxLevel": 50,
      "typeID": "pokemon",
      "condition": {
        "times": [
          "DAY"
        ],
        "stringBiomes": [
          "arid",
          "mesas"
        ]
      },
      "rarity": 10.0
    }
  ]
}