{
  "id": "Sinistea Line Grass",
  "spawnInfos": [
    {
      "spec": "species:Sinistea palette:phony",
      "stringLocationTypes": [
        "Grass"
      ],
      "minLevel": 10,
      "maxLevel": 30,
      "typeID": "pokemon",
      "heldItems": [
        {
          "itemID": "pixelmon:cracked_pot",
          "percentChance": 5
        }
      ],
      "condition": {
        "times": [
          "DAY"
        ],
        "stringBiomes": [
          "roofed",
          "evil"
        ]
      },
      "rarity": 110.0
    },
    {
      "spec": "species:Sinistea palette:authentic",
      "stringLocationTypes": [
        "Grass"
      ],
      "minLevel": 10,
      "maxLevel": 30,
      "typeID": "pokemon",
      "heldItems": [
        {
          "itemID": "pixelmon:chipped_pot",
          "percentChance": 5
        }
      ],
      "condition": {
        "times": [
          "DAY"
        ],
        "stringBiomes": [
          "roofed",
          "evil"
        ]
      },
      "rarity": 20.0
    },
    {
      "spec": "species:Polteageist palette:phony",
      "stringLocationTypes": [
        "Grass"
      ],
      "minLevel": 30,
      "maxLevel": 45,
      "typeID": "pokemon",
      "condition": {
        "times": [
          "DAY"
        ],
        "stringBiomes": [
          "roofed",
          "evil"
        ]
      },
      "rarity": 20.0
    },
    {
      "spec": "species:Polteageist palette:authentic",
      "stringLocationTypes": [
        "Grass"
      ],
      "minLevel": 30,
      "maxLevel": 45,
      "typeID": "pokemon",
      "condition": {
        "times": [
          "DAY"
        ],
        "stringBiomes": [
          "roofed",
          "evil"
        ]
      },
      "rarity": 4.0
    }
  ]
}