{
  "id": "Skiddo Line Grass",
  "spawnInfos": [
    {
      "spec": "species:Skiddo",
      "stringLocationTypes": [
        "Grass"
      ],
      "minLevel": 19,
      "maxLevel": 31,
      "typeID": "pokemon",
      "condition": {
        "times": [
          "DAY"
        ],
        "stringBiomes": [
          "hills",
          "mountainous forests",
          "biomesoplenty:tundra",
          "biomesoplenty:tundra_basin",
          "biomesoplenty:tundra_bog"
        ]
      },
      "rarity": 130.0
    },
    {
      "spec": "species:Skiddo",
      "stringLocationTypes": [
        "Grass"
      ],
      "minLevel": 19,
      "maxLevel": 31,
      "typeID": "pokemon",
      "condition": {
        "times": [
          "DAY"
        ],
        "weathers": [
          "CLEAR"
        ],
        "stringBiomes": [
          "minecraft:snowy_tundra",
          "minecraft:snowy_taiga_hills",
          "byg:snowy_blue_taiga_hills",
          "byg:snowy_coniferous_forest_hills",
          "byg:snowy_deciduous_forest_hills",
          "byg:snowy_evergreen_hills"
        ]
      },
      "rarity": 130.0
    },
    {
      "spec": "species:Gogoat",
      "stringLocationTypes": [
        "Grass"
      ],
      "minLevel": 33,
      "maxLevel": 46,
      "typeID": "pokemon",
      "condition": {
        "times": [
          "DAY"
        ],
        "stringBiomes": [
          "hills",
          "mountainous forests",
          "biomesoplenty:tundra",
          "biomesoplenty:tundra_basin",
          "biomesoplenty:tundra_bog"
        ]
      },
      "rarity": 6.0
    },
    {
      "spec": "species:Gogoat",
      "stringLocationTypes": [
        "Grass"
      ],
      "minLevel": 33,
      "maxLevel": 46,
      "typeID": "pokemon",
      "condition": {
        "times": [
          "DAY"
        ],
        "weathers": [
          "CLEAR"
        ],
        "stringBiomes": [
          "minecraft:snowy_tundra",
          "minecraft:snowy_taiga_hills",
          "byg:snowy_blue_taiga_hills",
          "byg:snowy_coniferous_forest_hills",
          "byg:snowy_deciduous_forest_hills",
          "byg:snowy_evergreen_hills"
        ]
      },
      "rarity": 6.0
    }
  ]
}
