{
  "id": "Slakoth Line Grass",
  "spawnInfos": [
    {
      "spec": "species:Slakoth",
      "stringLocationTypes": [
        "Grass"
      ],
      "minLevel": 5,
      "maxLevel": 10,
      "typeID": "pokemon",
      "condition": {
        "times": [
          "DAY"
        ],
        "stringBiomes": [
          "jungles"
        ]
      },
      "rarity": 90.0
    },
    {
      "spec": "species:Vigoroth",
      "stringLocationTypes": [
        "Grass"
      ],
      "minLevel": 25,
      "maxLevel": 35,
      "typeID": "pokemon",
      "condition": {
        "times": [
          "MORNING"
        ],
        "stringBiomes": [
          "jungles"
        ]
      },
      "rarity": 8.0
    },
    {
      "spec": "species:Slaking",
      "stringLocationTypes": [
        "Grass"
      ],
      "minLevel": 40,
      "maxLevel": 50,
      "typeID": "pokemon",
      "condition": {
        "times": [
          "AFTERNOON"
        ],
        "stringBiomes": [
          "jungles"
        ]
      },
      "rarity": 0.5
    }
  ]
}