{
  "id": "Snivy Line Grass",
  "spawnInfos": [
    {
      "spec": "species:Snivy",
      "stringLocationTypes": [
        "Grass"
      ],
      "minLevel": 5,
      "maxLevel": 16,
      "typeID": "pokemon",
      "condition": {
        "times": [
          "DAY"
        ],
        "stringBiomes": [
          "forests",
          "roofed"
        ]
      },
      "rarity": 5.0
    },
    {
      "spec": "species:Servine",
      "stringLocationTypes": [
        "Grass"
      ],
      "minLevel": 17,
      "maxLevel": 35,
      "typeID": "pokemon",
      "condition": {
        "times": [
          "DAY"
        ],
        "stringBiomes": [
          "forests",
          "roofed"
        ]
      },
      "rarity": 0.5
    },
    {
      "spec": "species:Serperior",
      "stringLocationTypes": [
        "Grass"
      ],
      "minLevel": 36,
      "maxLevel": 45,
      "typeID": "pokemon",
      "condition": {
        "times": [
          "DAWN",
          "DUSK"
        ],
        "stringBiomes": [
          "forests",
          "roofed"
        ]
      },
      "rarity": 0.5
    }
  ]
}