{
  "id": "Snom Line Grass",
  "spawnInfos": [
    {
      "spec": "species:Snom",
      "stringLocationTypes": [
        "Grass"
      ],
      "minLevel": 10,
      "maxLevel": 35,
      "typeID": "pokemon",
      "heldItems": [
        {
          "itemID": "pixelmon:silver_powder",
          "percentChance": 5
        }
      ],
      "condition": {
        "stringBiomes": [
          "freezing forests"
        ]
      },
      "rarity": 100.0
    },
    {
      "spec": "species:Frosmoth",
      "stringLocationTypes": [
        "Grass"
      ],
      "minLevel": 35,
      "maxLevel": 50,
      "typeID": "pokemon",
      "heldItems": [
        {
          "itemID": "pixelmon:silver_powder",
          "percentChance": 5
        }
      ],
      "condition": {
        "times": [
          "NIGHT"
        ],
        "stringBiomes": [
          "freezing forests"
        ]
      },
      "rarity": 5.0
    }
  ]
}