{
  "id": "Snorunt Line Grass",
  "spawnInfos": [
    {
      "spec": "species:Snorunt",
      "stringLocationTypes": [
        "Grass"
      ],
      "minLevel": 15,
      "maxLevel": 30,
      "typeID": "pokemon",
      "heldItems": [
        {
          "itemID": "pixelmon:snowball",
          "percentChance": 5
        }
      ],
      "condition": {
        "times": [
          "NIGHT"
        ],
        "stringBiomes": [
          "freezing"
        ]
      },
      "rarity": 130.0
    },
    {
      "spec": "species:Snorunt",
      "stringLocationTypes": [
        "Grass"
      ],
      "minLevel": 15,
      "maxLevel": 30,
      "typeID": "pokemon",
      "heldItems": [
        {
          "itemID": "pixelmon:snowball",
          "percentChance": 5
        }
      ],
      "condition": {
        "times": [
          "NIGHT"
        ],
        "stringBiomes": [
          "mountainous"
        ],
        "minY": 150
      },
      "rarity": 130.0
    },
    {
      "spec": "species:Glalie",
      "stringLocationTypes": [
        "Grass"
      ],
      "minLevel": 40,
      "maxLevel": 60,
      "typeID": "pokemon",
      "condition": {
        "times": [
          "NIGHT"
        ],
        "stringBiomes": [
          "freezing"
        ],
        "minY": 110
      },
      "rarity": 0.5
    },
    {
      "spec": "species:Froslass",
      "stringLocationTypes": [
        "Grass"
      ],
      "minLevel": 25,
      "maxLevel": 40,
      "typeID": "pokemon",
      "condition": {
        "times": [
          "NIGHT"
        ],
        "weathers": [
          "RAIN"
        ],
        "stringBiomes": [
          "freezing"
        ]
      },
      "rarity": 0.5
    }
  ]
}