{
  "id": "Snover Line Grass",
  "spawnInfos": [
    {
      "spec": "species:Snover",
      "stringLocationTypes": [
        "Grass"
      ],
      "minLevel": 35,
      "maxLevel": 40,
      "typeID": "pokemon",
      "heldItems": [
        {
          "itemID": "pixelmon:never_melt_ice",
          "percentChance": 5
        }
      ],
      "condition": {
        "times": [
          "DAWN",
          "MORNING"
        ],
        "stringBiomes": [
          "freezing forests",
          "freezing mountains"
        ]
      },
      "rarity": 130.0
    },
    {
      "spec": "species:Abomasnow",
      "stringLocationTypes": [
        "Grass"
      ],
      "minLevel": 40,
      "maxLevel": 45,
      "typeID": "pokemon",
      "heldItems": [
        {
          "itemID": "pixelmon:never_melt_ice",
          "percentChance": 5
        }
      ],
      "condition": {
        "times": [
          "DAWN",
          "MORNING"
        ],
        "stringBiomes": [
          "freezing forests",
          "freezing mountains"
        ]
      },
      "rarity": 8.0
    }
  ]
}