{
  "id": "Snubbull Line Grass",
  "spawnInfos": [
    {
      "spec": "species:Snubbull",
      "stringLocationTypes": [
        "Grass"
      ],
      "minLevel": 5,
      "maxLevel": 22,
      "typeID": "pokemon",
      "condition": {
        "times": [
          "DAY"
        ],
        "stringBiomes": [
          "plains"
        ]
      },
      "rarity": 130.0
    },
    {
      "spec": "species:Granbull",
      "stringLocationTypes": [
        "Grass"
      ],
      "minLevel": 23,
      "maxLevel": 60,
      "typeID": "pokemon",
      "condition": {
        "times": [
          "DAY"
        ],
        "stringBiomes": [
          "plains"
        ]
      },
      "rarity": 8.0
    }
  ]
}