{
  "id": "Solosis Line Grass",
  "spawnInfos": [
    {
      "spec": "species:Solosis",
      "stringLocationTypes": [
        "Grass"
      ],
      "minLevel": 10,
      "maxLevel": 30,
      "typeID": "pokemon",
      "condition": {
        "times": [
          "DAY"
        ],
        "stringBiomes": [
          "swamps"
        ]
      },
      "rarity": 130.0
    },
    {
      "spec": "species:Duosion",
      "stringLocationTypes": [
        "Grass"
      ],
      "minLevel": 32,
      "maxLevel": 40,
      "typeID": "pokemon",
      "condition": {
        "times": [
          "DAY"
        ],
        "stringBiomes": [
          "swamps"
        ]
      },
      "rarity": 8.0
    },
    {
      "spec": "species:Reuniclus",
      "stringLocationTypes": [
        "Grass"
      ],
      "minLevel": 41,
      "maxLevel": 50,
      "typeID": "pokemon",
      "condition": {
        "times": [
          "DAY"
        ],
        "stringBiomes": [
          "swamps"
        ]
      },
      "rarity": 0.5
    }
  ]
}