{
  "id": "Spoink Line Grass",
  "spawnInfos": [
    {
      "spec": "species:Spoink",
      "stringLocationTypes": [
        "Grass"
      ],
      "minLevel": 10,
      "maxLevel": 25,
      "typeID": "pokemon",
      "condition": {
        "stringBiomes": [
          "mountainous forests"
        ]
      },
      "rarity": 110.0
    },
    {
      "spec": "species:Grumpig",
      "stringLocationTypes": [
        "Grass"
      ],
      "minLevel": 35,
      "maxLevel": 50,
      "typeID": "pokemon",
      "condition": {
        "times": [
          "AFTERNOON"
        ],
        "stringBiomes": [
          "mountainous forests"
        ]
      },
      "rarity": 6.0
    }
  ]
}