{
  "id": "Spritzee Grass",
  "spawnInfos": [
    {
      "spec": "species:Spritzee",
      "stringLocationTypes": [
        "Grass"
      ],
      "minLevel": 22,
      "maxLevel": 35,
      "typeID": "pokemon",
      "heldItems": [
        {
          "itemID": "pixelmon:sachet",
          "percentChance": 5
        }
      ],
      "condition": {
        "times": [
          "DAWN",
          "DAY"
        ],
        "stringBiomes": [
          "birches",
          "mushroom",
          "magical"
        ]
      },
      "rarity": 90.0
    }
  ]
}