{
  "id": "Squirtle Line Grass",
  "spawnInfos": [
    {
      "spec": "species:Squirtle",
      "stringLocationTypes": [
        "Grass"
      ],
      "minLevel": 10,
      "maxLevel": 16,
      "typeID": "pokemon",
      "condition": {
        "times": [
          "NIGHT"
        ],
        "stringBiomes": [
          "minecraft:beach",
          "biomesoplenty:tropic_beach",
          "byg:rainbow_beach",
          "byg:white_beach",
          "terraforged:warm_beach"
        ]
      },
      "rarityMultipliers": [
        {
          "multiplier": 2,
          "condition": {
            "weathers": [
              "RAIN"
            ]
          }
        }
      ],
      "rarity": 10.0
    },
    {
      "spec": "species:Wartortle",
      "stringLocationTypes": [
        "Grass"
      ],
      "minLevel": 16,
      "maxLevel": 36,
      "typeID": "pokemon",
      "condition": {
        "times": [
          "NIGHT"
        ],
        "stringBiomes": [
          "minecraft:beach",
          "biomesoplenty:tropic_beach",
          "byg:rainbow_beach",
          "byg:white_beach",
          "terraforged:warm_beach"
        ]
      },
      "rarityMultipliers": [
        {
          "multiplier": 2,
          "condition": {
            "weathers": [
              "RAIN"
            ]
          }
        }
      ],
      "rarity": 1.0
    },
    {
      "spec": "species:Blastoise",
      "stringLocationTypes": [
        "Grass"
      ],
      "minLevel": 36,
      "maxLevel": 50,
      "typeID": "pokemon",
      "condition": {
        "times": [
          "NIGHT"
        ],
        "stringBiomes": [
          "minecraft:beach",
          "biomesoplenty:tropic_beach",
          "byg:rainbow_beach",
          "byg:white_beach",
          "terraforged:warm_beach"
        ]
      },
      "rarityMultipliers": [
        {
          "multiplier": 2,
          "condition": {
            "weathers": [
              "RAIN"
            ]
          }
        }
      ],
      "rarity": 1.0
    }
  ]
}