{
  "id": "Stantler Line Grass",
  "spawnInfos": [
    {
      "spec": "species:Stantler",
      "stringLocationTypes": [
        "Grass"
      ],
      "minLevel": 15,
      "maxLevel": 30,
      "typeID": "pokemon",
      "condition": {
        "times": [
          "DAWN",
          "DUSK"
        ],
        "stringBiomes": [
          "hills",
          "freezing forests"
        ],
        "minY": 70
      },
      "rarity": 40.0
    },
    {
      "spec": "species:Wyrdeer",
      "stringLocationTypes": [
        "Grass"
      ],
      "minLevel": 30,
      "maxLevel": 50,
      "typeID": "pokemon",
      "condition": {
        "times": [
          "DAWN",
          "DUSK"
        ],
        "stringBiomes": [
          "hills",
          "freezing forests"
        ],
        "minY": 70
      },
      "rarity": 1.0
    }
  ]
}
