{
  "id": "Starly Line Grass",
  "spawnInfos": [
    {
      "spec": "species:Starly",
      "stringLocationTypes": [
        "Grass"
      ],
      "minLevel": 5,
      "maxLevel": 13,
      "typeID": "pokemon",
      "condition": {
        "times": [
          "DAY"
        ],
        "stringBiomes": [
          "mountainous",
          "mountainous forests",
          "savannas"
        ]
      },
      "rarity": 300.0
    },
    {
      "spec": "species:Staravia",
      "stringLocationTypes": [
        "Grass"
      ],
      "minLevel": 15,
      "maxLevel": 33,
      "typeID": "pokemon",
      "condition": {
        "times": [
          "DAY"
        ],
        "stringBiomes": [
          "mountainous",
          "mountainous forests",
          "savannas"
        ]
      },
      "rarity": 90.0
    },
    {
      "spec": "species:Staraptor",
      "stringLocationTypes": [
        "Grass"
      ],
      "minLevel": 35,
      "maxLevel": 55,
      "typeID": "pokemon",
      "condition": {
        "times": [
          "DAY"
        ],
        "stringBiomes": [
          "mountainous",
          "mountainous forests",
          "savannas"
        ]
      },
      "rarity": 0.5
    }
  ]
}