{
  "id": "Stufful Line Grass",
  "spawnInfos": [
    {
      "spec": "species:Stufful",
      "stringLocationTypes": [
        "Grass"
      ],
      "minLevel": 10,
      "maxLevel": 26,
      "typeID": "pokemon",
      "condition": {
        "stringBiomes": [
          "hills"
        ]
      },
      "rarity": 250.0
    },
    {
      "spec": "species:Bewear",
      "stringLocationTypes": [
        "Grass"
      ],
      "minLevel": 27,
      "maxLevel": 45,
      "typeID": "pokemon",
      "condition": {
        "stringBiomes": [
          "hills"
        ]
      },
      "rarity": 8.0
    }
  ]
}