{
  "id": "Sunkern Line Grass",
  "spawnInfos": [
    {
      "spec": "species:Sunkern",
      "stringLocationTypes": [
        "Grass"
      ],
      "minLevel": 2,
      "maxLevel": 50,
      "typeID": "pokemon",
      "condition": {
        "times": [
          "DAWN",
          "MORNING"
        ],
        "weathers": [
          "CLEAR"
        ],
        "stringBiomes": [
          "flowery"
        ]
      },
      "rarity": 90.0
    },
    {
      "spec": "species:Sunflora",
      "stringLocationTypes": [
        "Grass"
      ],
      "minLevel": 10,
      "maxLevel": 50,
      "typeID": "pokemon",
      "condition": {
        "times": [
          "DAY"
        ],
        "weathers": [
          "CLEAR"
        ],
        "stringBiomes": [
          "flowery"
        ]
      },
      "rarity": 0.5
    }
  ]
}