{
  "id": "Surskit Line Grass",
  "spawnInfos": [
    {
      "spec": "species:Surskit",
      "stringLocationTypes": [
        "Grass"
      ],
      "minLevel": 5,
      "maxLevel": 20,
      "typeID": "pokemon",
      "condition": {
        "times": [
          "DAY"
        ],
        "stringBiomes": [
          "minecraft:river",
          "swamps",
          "lakes",
          "byg:crag_gardens"
        ]
      },
      "rarity": 130.0
    },
    {
      "spec": "species:Masquerain",
      "stringLocationTypes": [
        "Grass"
      ],
      "minLevel": 25,
      "maxLevel": 35,
      "typeID": "pokemon",
      "heldItems": [
        {
          "itemID": "pixelmon:silver_powder",
          "percentChance": 5
        }
      ],
      "condition": {
        "times": [
          "DAWN",
          "DUSK"
        ],
        "stringBiomes": [
          "minecraft:river",
          "swamps",
          "lakes",
          "byg:crag_gardens"
        ]
      },
      "rarity": 6.0
    }
  ]
}