{
  "id": "Swablu Line Grass",
  "spawnInfos": [
    {
      "spec": "species:Swablu",
      "stringLocationTypes": [
        "Grass"
      ],
      "minLevel": 5,
      "maxLevel": 34,
      "typeID": "pokemon",
      "condition": {
        "times": [
          "DAY"
        ],
        "stringBiomes": [
          "birches",
          "magical",
          "biomesoplenty:volcano",
          "biomesoplenty:volcanic_plains"
        ]
      },
      "rarity": 130.0
    },
    {
      "spec": "species:Altaria",
      "stringLocationTypes": [
        "Grass"
      ],
      "minLevel": 35,
      "maxLevel": 55,
      "typeID": "pokemon",
      "condition": {
        "times": [
          "DAY"
        ],
        "stringBiomes": [
          "birches",
          "magical",
          "biomesoplenty:volcano",
          "biomesoplenty:volcanic_plains"
        ]
      },
      "rarity": 6.0
    }
  ]
}