{
  "id": "Swinub Line Grass",
  "spawnInfos": [
    {
      "spec": "species:Swinub",
      "stringLocationTypes": [
        "Grass"
      ],
      "minLevel": 10,
      "maxLevel": 33,
      "typeID": "pokemon",
      "condition": {
        "stringBiomes": [
          "freezing",
          "biomesoplenty:tundra",
          "biomesoplenty:tundra_basin",
          "biomesoplenty:tundra_bog"
        ],
        "maxY": 80
      },
      "anticondition": {
        "stringBiomes": [
          "freezing forests"
        ]
      },
      "rarity": 250.0
    },
    {
      "spec": "species:Piloswine",
      "stringLocationTypes": [
        "Grass"
      ],
      "minLevel": 33,
      "maxLevel": 50,
      "typeID": "pokemon",
      "condition": {
        "stringBiomes": [
          "freezing",
          "biomesoplenty:tundra",
          "biomesoplenty:tundra_basin",
          "biomesoplenty:tundra_bog"
        ],
        "maxY": 80
      },
      "anticondition": {
        "stringBiomes": [
          "freezing forests"
        ]
      },
      "rarity": 40.0
    },
    {
      "spec": "species:Mamoswine",
      "stringLocationTypes": [
        "Grass"
      ],
      "minLevel": 40,
      "maxLevel": 50,
      "typeID": "pokemon",
      "condition": {
        "times": [
          "DAWN",
          "DUSK"
        ],
        "weathers": [
          "RAIN",
          "STORM"
        ],
        "stringBiomes": [
          "minecraft:snowy_tundra",
          "biomesoplenty:tundra",
          "biomesoplenty:tundra_basin",
          "biomesoplenty:tundra_bog"
        ]
      },
      "rarity": 0.1
    }
  ]
}