{
  "id": "Taillow Line Grass",
  "spawnInfos": [
    {
      "spec": "species:Taillow",
      "stringLocationTypes": [
        "Grass"
      ],
      "minLevel": 5,
      "maxLevel": 20,
      "typeID": "pokemon",
      "condition": {
        "times": [
          "DAY"
        ],
        "stringBiomes": [
          "birches",
          "forests",
          "roofed"
        ]
      },
      "rarity": 250.0
    },
    {
      "spec": "species:Swellow",
      "stringLocationTypes": [
        "Grass"
      ],
      "minLevel": 25,
      "maxLevel": 35,
      "typeID": "pokemon",
      "condition": {
        "times": [
          "DAY"
        ],
        "stringBiomes": [
          "forests",
          "birches",
          "roofed"
        ]
      },
      "rarity": 8.0
    }
  ]
}