{
  "id": "Tangela Line Grass",
  "spawnInfos": [
    {
      "spec": "species:Tangela",
      "stringLocationTypes": [
        "Grass"
      ],
      "minLevel": 10,
      "maxLevel": 50,
      "typeID": "pokemon",
      "condition": {
        "times": [
          "DAWN",
          "MORNING"
        ],
        "stringBiomes": [
          "jungles",
          "byg:crag_gardens"
        ]
      },
      "rarity": 30.0
    },
    {
      "spec": "species:Tangrowth",
      "stringLocationTypes": [
        "Grass"
      ],
      "minLevel": 45,
      "maxLevel": 57,
      "typeID": "pokemon",
      "condition": {
        "times": [
          "DAWN",
          "DUSK"
        ],
        "stringBiomes": [
          "jungles",
          "byg:crag_gardens"
        ]
      },
      "rarity": 0.5
    }
  ]
}