{
  "id": "Teddiursa Line Grass",
  "spawnInfos": [
    {
      "spec": "species:Teddiursa",
      "stringLocationTypes": [
        "Grass"
      ],
      "minLevel": 5,
      "maxLevel": 29,
      "typeID": "pokemon",
      "condition": {
        "stringBiomes": [
          "all forests"
        ]
      },
      "rarity": 250.0
    },
    {
      "spec": "species:Ursaring",
      "stringLocationTypes": [
        "Grass"
      ],
      "minLevel": 30,
      "maxLevel": 60,
      "typeID": "pokemon",
      "condition": {
        "stringBiomes": [
          "all forests"
        ]
      },
      "rarity": 8.0
    }
  ]
}
