{
  "id": "Tepig Line Grass",
  "spawnInfos": [
    {
      "spec": "species:Tepig",
      "stringLocationTypes": [
        "Grass"
      ],
      "minLevel": 5,
      "maxLevel": 16,
      "typeID": "pokemon",
      "condition": {
        "times": [
          "NIGHT"
        ],
        "stringBiomes": [
          "savannas"
        ]
      },
      "rarity": 10.0
    },
    {
      "spec": "species:Pignite",
      "stringLocationTypes": [
        "Grass"
      ],
      "minLevel": 17,
      "maxLevel": 35,
      "typeID": "pokemon",
      "condition": {
        "times": [
          "NIGHT"
        ],
        "stringBiomes": [
          "savannas"
        ]
      },
      "rarity": 1.0
    },
    {
      "spec": "species:Emboar",
      "stringLocationTypes": [
        "Grass"
      ],
      "minLevel": 36,
      "maxLevel": 55,
      "typeID": "pokemon",
      "condition": {
        "times": [
          "DAWN",
          "DUSK"
        ],
        "stringBiomes": [
          "savannas"
        ]
      },
      "rarity": 1.0
    }
  ]
}