{
  "id": "Timburr Line Grass",
  "spawnInfos": [
    {
      "spec": "species:Timburr",
      "stringLocationTypes": [
        "Grass"
      ],
      "minLevel": 15,
      "maxLevel": 24,
      "typeID": "pokemon",
      "condition": {
        "times": [
          "DAWN",
          "DAY"
        ],
        "stringBiomes": [
          "hills"
        ]
      },
      "rarity": 130.0
    },
    {
      "spec": "species:Gurdurr",
      "stringLocationTypes": [
        "Grass"
      ],
      "minLevel": 26,
      "maxLevel": 39,
      "typeID": "pokemon",
      "condition": {
        "times": [
          "DAWN",
          "DAY"
        ],
        "stringBiomes": [
          "hills"
        ]
      },
      "rarity": 8.0
    }
  ]
}