{
  "id": "Torchic Line Grass",
  "spawnInfos": [
    {
      "spec": "species:Torchic",
      "stringLocationTypes": [
        "Grass"
      ],
      "minLevel": 5,
      "maxLevel": 15,
      "typeID": "pokemon",
      "condition": {
        "times": [
          "AFTERNOON"
        ],
        "stringBiomes": [
          "savannas"
        ]
      },
      "rarity": 5.0
    },
    {
      "spec": "species:Combusken",
      "stringLocationTypes": [
        "Grass"
      ],
      "minLevel": 16,
      "maxLevel": 35,
      "typeID": "pokemon",
      "condition": {
        "times": [
          "AFTERNOON"
        ],
        "stringBiomes": [
          "savannas"
        ]
      },
      "rarity": 0.5
    },
    {
      "spec": "species:Blaziken",
      "stringLocationTypes": [
        "Grass"
      ],
      "minLevel": 36,
      "maxLevel": 50,
      "typeID": "pokemon",
      "condition": {
        "times": [
          "AFTERNOON"
        ],
        "stringBiomes": [
          "savannas"
        ]
      },
      "rarity": 0.5
    }
  ]
}