{
  "id": "Torkoal Grass",
  "spawnInfos": [
    {
      "spec": "species:Torkoal",
      "stringLocationTypes": [
        "Grass"
      ],
      "minLevel": 35,
      "maxLevel": 45,
      "typeID": "pokemon",
      "heldItems": [
        {
          "itemID": "pixelmon:charcoal",
          "percentChance": 5
        }
      ],
      "condition": {
        "times": [
          "DAY"
        ],
        "weathers": [
          "CLEAR"
        ],
        "stringBiomes": [
          "arid",
          "mesas",
          "savannas",
          "biomesoplenty:volcano",
          "biomesoplenty:volcanic_plains"
        ]
      },
      "rarityMultipliers": [
        {
          "multiplier": 2,
          "condition": {
            "neededNearbyBlocks": [
              "minecraft:coal_ore"
            ]
          }
        }
      ],
      "rarity": 30.0
    }
  ]
}