{
  "id": "Toxel Line Grass",
  "spawnInfos": [
    {
      "spec": "species:Toxel",
      "stringLocationTypes": [
        "Grass"
      ],
      "minLevel": 5,
      "maxLevel": 25,
      "typeID": "pokemon",
      "condition": {
        "times": [
          "DAY"
        ],
        "stringBiomes": [
          "swamps"
        ]
      },
      "rarityMultipliers": [
        {
          "multiplier": 2,
          "condition": {
            "weathers": [
              "STORM"
            ]
          }
        }
      ],
      "rarity": 100.0
    },
    {
      "spec": "species:Toxtricity form:amped",
      "stringLocationTypes": [
        "Grass"
      ],
      "minLevel": 30,
      "maxLevel": 45,
      "typeID": "pokemon",
      "condition": {
        "times": [
          "MORNING"
        ],
        "stringBiomes": [
          "swamps"
        ]
      },
      "rarityMultipliers": [
        {
          "multiplier": 2,
          "condition": {
            "weathers": [
              "STORM"
            ]
          }
        }
      ],
      "rarity": 8.0
    },
    {
      "spec": "species:Toxtricity form:low_key",
      "stringLocationTypes": [
        "Grass"
      ],
      "minLevel": 30,
      "maxLevel": 45,
      "typeID": "pokemon",
      "condition": {
        "times": [
          "AFTERNOON"
        ],
        "stringBiomes": [
          "swamps"
        ]
      },
      "rarityMultipliers": [
        {
          "multiplier": 2,
          "condition": {
            "weathers": [
              "STORM"
            ]
          }
        }
      ],
      "rarity": 8.0
    }
  ]
}
