{
  "id": "Treecko Line Grass",
  "spawnInfos": [
    {
      "spec": "species:Treecko",
      "stringLocationTypes": [
        "Grass"
      ],
      "minLevel": 10,
      "maxLevel": 16,
      "typeID": "pokemon",
      "condition": {
        "times": [
          "DAY"
        ],
        "stringBiomes": [
          "jungles"
        ]
      },
      "rarity": 5.0
    },
    {
      "spec": "species:Grovyle",
      "stringLocationTypes": [
        "Grass"
      ],
      "minLevel": 17,
      "maxLevel": 23,
      "typeID": "pokemon",
      "condition": {
        "times": [
          "DAY"
        ],
        "stringBiomes": [
          "jungles"
        ]
      },
      "rarity": 0.5
    },
    {
      "spec": "species:Sceptile",
      "stringLocationTypes": [
        "Grass"
      ],
      "minLevel": 36,
      "maxLevel": 45,
      "typeID": "pokemon",
      "condition": {
        "times": [
          "DAY"
        ],
        "stringBiomes": [
          "jungles"
        ]
      },
      "rarity": 0.5
    }
  ]
}