{
  "id": "Turtwig Line Grass",
  "spawnInfos": [
    {
      "spec": "species:Turtwig",
      "stringLocationTypes": [
        "Grass"
      ],
      "minLevel": 10,
      "maxLevel": 13,
      "typeID": "pokemon",
      "condition": {
        "times": [
          "DAY"
        ],
        "stringBiomes": [
          "forests",
          "roofed",
          "redwoods"
        ]
      },
      "rarity": 5.0
    },
    {
      "spec": "species:Grotle",
      "stringLocationTypes": [
        "Grass"
      ],
      "minLevel": 20,
      "maxLevel": 25,
      "typeID": "pokemon",
      "condition": {
        "times": [
          "DAY"
        ],
        "stringBiomes": [
          "forests",
          "roofed",
          "redwoods"
        ]
      },
      "rarity": 0.5
    },
    {
      "spec": "species:Torterra",
      "stringLocationTypes": [
        "Grass"
      ],
      "minLevel": 36,
      "maxLevel": 45,
      "typeID": "pokemon",
      "condition": {
        "times": [
          "DAY"
        ],
        "stringBiomes": [
          "forests",
          "roofed",
          "redwoods"
        ]
      },
      "rarity": 0.5
    }
  ]
}