{
  "id": "Turtonator Grass",
  "spawnInfos": [
    {
      "spec": "species:Turtonator",
      "stringLocationTypes": [
        "Grass"
      ],
      "minLevel": 25,
      "maxLevel": 55,
      "typeID": "pokemon",
      "heldItems": [
        {
          "itemID": "pixelmon:charcoal",
          "percentChance": 5
        }
      ],
      "condition": {
        "times": [
          "DAY"
        ],
        "stringBiomes": [
          "minecraft:badlands_plateau",
          "biomesoplenty:volcano",
          "biomesoplenty:volcanic_plains"
        ]
      },
      "rarity": 8.0
    }
  ]
}