{
  "id": "Vanillite Line Grass",
  "spawnInfos": [
    {
      "spec": "species:Vanillite",
      "stringLocationTypes": [
        "Grass"
      ],
      "minLevel": 20,
      "maxLevel": 34,
      "typeID": "pokemon",
      "heldItems": [
        {
          "itemID": "pixelmon:never_melt_ice",
          "percentChance": 5
        }
      ],
      "condition": {
        "stringBiomes": [
          "freezing"
        ]
      },
      "rarity": 250.0
    },
    {
      "spec": "species:Vanillish",
      "stringLocationTypes": [
        "Grass"
      ],
      "minLevel": 36,
      "maxLevel": 46,
      "typeID": "pokemon",
      "heldItems": [
        {
          "itemID": "pixelmon:never_melt_ice",
          "percentChance": 5
        }
      ],
      "condition": {
        "times": [
          "DAWN",
          "NIGHT",
          "DUSK"
        ],
        "stringBiomes": [
          "freezing"
        ]
      },
      "rarity": 30.0
    },
    {
      "spec": "species:Vanilluxe",
      "stringLocationTypes": [
        "Grass"
      ],
      "minLevel": 48,
      "maxLevel": 59,
      "typeID": "pokemon",
      "heldItems": [
        {
          "itemID": "pixelmon:never_melt_ice",
          "percentChance": 50
        }
      ],
      "condition": {
        "times": [
          "NIGHT"
        ],
        "stringBiomes": [
          "freezing"
        ]
      },
      "rarity": 0.1
    }
  ]
}