{
  "id": "Venonat Line Grass",
  "spawnInfos": [
    {
      "spec": "species:Venonat",
      "stringLocationTypes": [
        "Grass"
      ],
      "minLevel": 10,
      "maxLevel": 31,
      "typeID": "pokemon",
      "condition": {
        "times": [
          "AFTERNOON",
          "NIGHT"
        ],
        "stringBiomes": [
          "swamps",
          "jungles",
          "byg:crag_gardens"
        ]
      },
      "rarity": 130.0
    },
    {
      "spec": "species:Venomoth",
      "stringLocationTypes": [
        "Grass"
      ],
      "minLevel": 31,
      "maxLevel": 50,
      "typeID": "pokemon",
      "heldItems": [
        {
          "itemID": "pixelmon:shed_shell",
          "percentChance": 5
        }
      ],
      "condition": {
        "times": [
          "DUSK",
          "NIGHT"
        ],
        "stringBiomes": [
          "swamps",
          "jungles",
          "byg:crag_gardens"
        ]
      },
      "rarity": 5.0
    }
  ]
}