{
  "id": "Voltorb Line Grass",
  "spawnInfos": [
    {
      "spec": "species:Voltorb",
      "stringLocationTypes": [
        "Grass"
      ],
      "minLevel": 10,
      "maxLevel": 30,
      "typeID": "pokemon",
      "condition": {
        "times": [
          "DAY"
        ],
        "stringBiomes": [
          "plains"
        ]
      },
      "rarity": 90.0
    },
    {
      "spec": "species:Voltorb form:hisuian",
      "stringLocationTypes": [
        "Grass"
      ],
      "minLevel": 10,
      "maxLevel": 30,
      "typeID": "pokemon",
      "condition": {
        "times": [
          "DAY"
        ],
        "stringBiomes": [
          "savannas"
        ]
      },
      "rarity": 5.0
    },
    {
      "spec": "species:Electrode",
      "stringLocationTypes": [
        "Grass"
      ],
      "minLevel": 30,
      "maxLevel": 50,
      "typeID": "pokemon",
      "condition": {
        "times": [
          "DAY"
        ],
        "stringBiomes": [
          "plains"
        ]
      },
      "rarity": 0.5
    },
    {
      "spec": "species:Electrode form:hisuian",
      "stringLocationTypes": [
        "Grass"
      ],
      "minLevel": 30,
      "maxLevel": 50,
      "typeID": "pokemon",
      "condition": {
        "times": [
          "DAY"
        ],
        "stringBiomes": [
          "savannas"
        ]
      },
      "rarity": 0.05
    }
  ]
}
