{
  "id": "Vullaby Line Grass",
  "spawnInfos": [
    {
      "spec": "species:Vullaby",
      "stringLocationTypes": [
        "Grass"
      ],
      "minLevel": 42,
      "maxLevel": 53,
      "typeID": "pokemon",
      "condition": {
        "times": [
          "AFTERNOON",
          "DUSK",
          "NIGHT"
        ],
        "stringBiomes": [
          "arid",
          "mesas",
          "evil",
          "savannas"
        ]
      },
      "rarity": 130.0
    },
    {
      "spec": "species:Mandibuzz",
      "stringLocationTypes": [
        "Grass"
      ],
      "minLevel": 55,
      "maxLevel": 63,
      "typeID": "pokemon",
      "condition": {
        "times": [
          "AFTERNOON",
          "DUSK",
          "NIGHT"
        ],
        "stringBiomes": [
          "arid",
          "mesas",
          "evil",
          "savannas"
        ]
      },
      "rarity": 0.5
    }
  ]
}