{
  "id": "Vulpix Line Grass",
  "spawnInfos": [
    {
      "spec": "species:Vulpix",
      "stringLocationTypes": [
        "Grass"
      ],
      "minLevel": 10,
      "maxLevel": 19,
      "typeID": "pokemon",
      "heldItems": [
        {
          "itemID": "pixelmon:charcoal",
          "percentChance": 5
        }
      ],
      "condition": {
        "times": [
          "NIGHT"
        ],
        "weathers": [
          "CLEAR"
        ],
        "stringBiomes": [
          "redwoods",
          "biomesoplenty:seasonal_forest",
          "byg:seasonal_forest",
          "byg:seasonal_forest_hills",
          "biomesoplenty:burnt_forest"
        ]
      },
      "rarity": 90.0
    },
    {
      "spec": "species:Vulpix form:alolan",
      "stringLocationTypes": [
        "Grass"
      ],
      "minLevel": 10,
      "maxLevel": 19,
      "typeID": "pokemon",
      "heldItems": [
        {
          "itemID": "pixelmon:snowball",
          "percentChance": 5
        }
      ],
      "condition": {
        "times": [
          "DAY"
        ],
        "stringBiomes": [
          "freezing forests"
        ]
      },
      "rarity": 6.0
    },
    {
      "spec": "species:Ninetales",
      "stringLocationTypes": [
        "Grass"
      ],
      "minLevel": 20,
      "maxLevel": 50,
      "typeID": "pokemon",
      "heldItems": [
        {
          "itemID": "pixelmon:charcoal",
          "percentChance": 5
        }
      ],
      "condition": {
        "times": [
          "NIGHT"
        ],
        "weathers": [
          "CLEAR"
        ],
        "stringBiomes": [
          "redwoods",
          "biomesoplenty:seasonal_forest",
          "byg:seasonal_forest",
          "byg:seasonal_forest_hills",
          "biomesoplenty:burnt_forest"
        ]
      },
      "rarity": 0.5
    },
    {
      "spec": "species:Ninetales form:alolan",
      "stringLocationTypes": [
        "Grass"
      ],
      "minLevel": 20,
      "maxLevel": 50,
      "typeID": "pokemon",
      "heldItems": [
        {
          "itemID": "pixelmon:snowball",
          "percentChance": 5
        }
      ],
      "condition": {
        "times": [
          "DAY"
        ],
        "stringBiomes": [
          "freezing forests"
        ]
      },
      "rarity": 0.1
    }
  ]
}
