{
  "id": "Weedle Line Grass",
  "spawnInfos": [
    {
      "spec": "species:Weedle",
      "stringLocationTypes": [
        "Grass"
      ],
      "minLevel": 2,
      "maxLevel": 7,
      "typeID": "pokemon",
      "condition": {
        "times": [
          "AFTERNOON",
          "DUSK"
        ],
        "stringBiomes": [
          "birches",
          "flowery",
          "forests",
          "roofed",
          "taigas",
          "byg:crag_gardens"
        ]
      },
      "rarity": 300.0
    },
    {
      "spec": "species:Kakuna",
      "stringLocationTypes": [
        "Grass"
      ],
      "minLevel": 7,
      "maxLevel": 10,
      "typeID": "pokemon",
      "condition": {
        "times": [
          "AFTERNOON",
          "DUSK"
        ],
        "stringBiomes": [
          "birches",
          "flowery",
          "forests",
          "roofed",
          "taigas",
          "byg:crag_gardens"
        ]
      },
      "rarity": 130.0
    },
    {
      "spec": "species:Beedrill",
      "stringLocationTypes": [
        "Grass"
      ],
      "minLevel": 10,
      "maxLevel": 50,
      "typeID": "pokemon",
      "heldItems": [
        {
          "itemID": "pixelmon:poison_barb",
          "percentChance": 5
        }
      ],
      "condition": {
        "times": [
          "AFTERNOON",
          "DUSK"
        ],
        "stringBiomes": [
          "birches",
          "flowery",
          "forests",
          "roofed",
          "taigas",
          "byg:crag_gardens"
        ]
      },
      "rarity": 5.0
    }
  ]
}