{
  "id": "Wimpod Line Grass",
  "spawnInfos": [
    {
      "spec": "species:Wimpod",
      "stringLocationTypes": [
        "Grass"
      ],
      "minLevel": 15,
      "maxLevel": 29,
      "typeID": "pokemon",
      "condition": {
        "times": [
          "NIGHT"
        ],
        "stringBiomes": [
          "beaches",
          "pixelmon:ultra_deep_sea"
        ]
      },
      "anticondition": {
        "stringBiomes": [
          "freezing"
        ]
      },
      "rarity": 40.0
    },
    {
      "spec": "species:Golisopod",
      "stringLocationTypes": [
        "Grass"
      ],
      "minLevel": 30,
      "maxLevel": 55,
      "typeID": "pokemon",
      "condition": {
        "times": [
          "DAWN",
          "DUSK"
        ],
        "stringBiomes": [
          "beaches",
          "pixelmon:ultra_deep_sea"
        ]
      },
      "anticondition": {
        "stringBiomes": [
          "freezing"
        ]
      },
      "rarity": 0.5
    }
  ]
}