{
  "id": "Wingull Line Grass",
  "spawnInfos": [
    {
      "spec": "species:Wingull",
      "stringLocationTypes": [
        "Grass"
      ],
      "minLevel": 2,
      "maxLevel": 24,
      "typeID": "pokemon",
      "heldItems": [
        {
          "itemID": "pixelmon:pretty_feather",
          "percentChance": 50
        }
      ],
      "condition": {
        "times": [
          "DAWN",
          "DAY",
          "DUSK"
        ],
        "stringBiomes": [
          "beaches"
        ]
      },
      "rarity": 300.0
    },
    {
      "spec": "species:Pelipper",
      "stringLocationTypes": [
        "Grass"
      ],
      "minLevel": 25,
      "maxLevel": 55,
      "typeID": "pokemon",
      "heldItems": [
        {
          "itemID": "pixelmon:pretty_feather",
          "percentChance": 50
        }
      ],
      "condition": {
        "times": [
          "DAWN",
          "DAY",
          "DUSK"
        ],
        "stringBiomes": [
          "beaches"
        ]
      },
      "rarity": 40.0
    }
  ]
}