{
  "id": "Woobat Line Grass",
  "spawnInfos": [
    {
      "spec": "species:Woobat",
      "stringLocationTypes": [
        "Grass"
      ],
      "minLevel": 15,
      "maxLevel": 24,
      "typeID": "pokemon",
      "condition": {
        "times": [
          "NIGHT"
        ],
        "stringBiomes": [
          "swamps",
          "roofed",
          "taigas"
        ]
      },
      "rarity": 130.0
    },
    {
      "spec": "species:Swoobat",
      "stringLocationTypes": [
        "Grass"
      ],
      "minLevel": 27,
      "maxLevel": 39,
      "typeID": "pokemon",
      "condition": {
        "times": [
          "NIGHT"
        ],
        "stringBiomes": [
          "swamps",
          "roofed",
          "taigas"
        ]
      },
      "rarity": 0.5
    }
  ]
}