{
  "id": "Yamper Line Grass",
  "spawnInfos": [
    {
      "spec": "species:Yamper",
      "stringLocationTypes": [
        "Grass"
      ],
      "minLevel": 7,
      "maxLevel": 20,
      "typeID": "pokemon",
      "condition": {
        "times": [
          "MORNING"
        ],
        "stringBiomes": [
          "savannas"
        ]
      },
      "rarity": 250.0
    },
    {
      "spec": "species:Boltund",
      "stringLocationTypes": [
        "Grass"
      ],
      "minLevel": 25,
      "maxLevel": 40,
      "typeID": "pokemon",
      "condition": {
        "times": [
          "MORNING"
        ],
        "stringBiomes": [
          "savannas"
        ]
      },
      "rarity": 50.0
    }
  ]
}