{
  "id": "Yanma Line Grass",
  "spawnInfos": [
    {
      "spec": "species:Yanma",
      "stringLocationTypes": [
        "Grass"
      ],
      "minLevel": 5,
      "maxLevel": 25,
      "typeID": "pokemon",
      "heldItems": [
        {
          "itemID": "pixelmon:wide_lens",
          "percentChance": 5
        }
      ],
      "condition": {
        "times": [
          "DAWN",
          "DUSK"
        ],
        "stringBiomes": [
          "swamps",
          "jungles",
          "lakes",
          "minecraft:river"
        ]
      },
      "rarity": 130.0
    },
    {
      "spec": "species:Yanmega",
      "stringLocationTypes": [
        "Grass"
      ],
      "minLevel": 34,
      "maxLevel": 45,
      "typeID": "pokemon",
      "heldItems": [
        {
          "itemID": "pixelmon:wide_lens",
          "percentChance": 5
        }
      ],
      "condition": {
        "times": [
          "DAWN",
          "DUSK"
        ],
        "stringBiomes": [
          "swamps",
          "jungles",
          "lakes",
          "minecraft:river"
        ]
      },
      "rarity": 0.5
    }
  ]
}