{
  "id": "Yungoos Line Grass",
  "spawnInfos": [
    {
      "spec": "species:Yungoos",
      "stringLocationTypes": [
        "Grass"
      ],
      "minLevel": 5,
      "maxLevel": 19,
      "typeID": "pokemon",
      "heldItems": [
        {
          "itemID": "pixelmon:pecha_berry",
          "percentChance": 5
        }
      ],
      "condition": {
        "times": [
          "DAY"
        ],
        "stringBiomes": [
          "hills"
        ]
      },
      "rarity": 300.0
    },
    {
      "spec": "species:Gumshoos",
      "stringLocationTypes": [
        "Grass"
      ],
      "minLevel": 20,
      "maxLevel": 35,
      "typeID": "pokemon",
      "heldItems": [
        {
          "itemID": "pixelmon:pecha_berry",
          "percentChance": 5
        }
      ],
      "condition": {
        "times": [
          "DAY"
        ],
        "stringBiomes": [
          "hills"
        ]
      },
      "rarity": 8.0
    }
  ]
}