{
  "id": "Zigzagoon Line Grass",
  "spawnInfos": [
    {
      "spec": "species:Zigzagoon",
      "stringLocationTypes": [
        "Grass"
      ],
      "minLevel": 2,
      "maxLevel": 16,
      "typeID": "pokemon",
      "heldItems": [
        {
          "itemID": "pixelmon:revive",
          "percentChance": 5
        },
        {
          "itemID": "pixelmon:potion",
          "percentChance": 50
        }
      ],
      "condition": {
        "times": [
          "DAY"
        ],
        "stringBiomes": [
          "plains",
          "minecraft:snowy_tundra",
          "biomesoplenty:tundra",
          "biomesoplenty:tundra_basin",
          "biomesoplenty:tundra_bog"
        ]
      },
      "rarity": 300.0
    },
    {
      "spec": "species:Zigzagoon form:galarian",
      "stringLocationTypes": [
        "Grass"
      ],
      "minLevel": 2,
      "maxLevel": 16,
      "typeID": "pokemon",
      "heldItems": [
        {
          "itemID": "pixelmon:revive",
          "percentChance": 5
        },
        {
          "itemID": "pixelmon:potion",
          "percentChance": 50
        }
      ],
      "condition": {
        "times": [
          "NIGHT"
        ],
        "stringBiomes": [
          "plains",
          "minecraft:snowy_tundra",
          "biomesoplenty:tundra",
          "biomesoplenty:tundra_basin",
          "biomesoplenty:tundra_bog"
        ]
      },
      "rarity": 300.0
    },
    {
      "spec": "species:Linoone",
      "stringLocationTypes": [
        "Grass"
      ],
      "minLevel": 21,
      "maxLevel": 31,
      "typeID": "pokemon",
      "heldItems": [
        {
          "itemID": "pixelmon:max_revive",
          "percentChance": 5
        },
        {
          "itemID": "pixelmon:potion",
          "percentChance": 50
        }
      ],
      "condition": {
        "times": [
          "DAY"
        ],
        "stringBiomes": [
          "plains",
          "minecraft:snowy_tundra",
          "biomesoplenty:tundra",
          "biomesoplenty:tundra_basin",
          "biomesoplenty:tundra_bog"
        ]
      },
      "rarity": 40.0
    },
    {
      "spec": "species:Linoone form:galarian",
      "stringLocationTypes": [
        "Grass"
      ],
      "minLevel": 21,
      "maxLevel": 31,
      "typeID": "pokemon",
      "heldItems": [
        {
          "itemID": "pixelmon:max_revive",
          "percentChance": 5
        },
        {
          "itemID": "pixelmon:potion",
          "percentChance": 50
        }
      ],
      "condition": {
        "times": [
          "NIGHT"
        ],
        "stringBiomes": [
          "plains",
          "minecraft:snowy_tundra",
          "biomesoplenty:tundra",
          "biomesoplenty:tundra_basin",
          "biomesoplenty:tundra_bog"
        ]
      },
      "rarity": 40.0
    },
    {
      "spec": "species:Obstagoon",
      "stringLocationTypes": [
        "Grass"
      ],
      "minLevel": 35,
      "maxLevel": 50,
      "typeID": "pokemon",
      "condition": {
        "times": [
          "NIGHT"
        ],
        "stringBiomes": [
          "plains",
          "minecraft:snowy_tundra",
          "biomesoplenty:tundra",
          "biomesoplenty:tundra_basin",
          "biomesoplenty:tundra_bog"
        ]
      },
      "rarity": 1.0
    }
  ]
}
