{
  "id": "Absol Grass",
  "spawnInfos": [
    {
      "spec": "species:Absol",
      "stringLocationTypes": [
        "Grass"
      ],
      "minLevel": 5,
      "maxLevel": 50,
      "typeID": "pokemon",
      "condition": {
        "times": [
          "MIDNIGHT"
        ],
        "stringBiomes": [
          "mountainous"
        ]
      },
      "rarity": 90
    },
    {
      "spec": "species:Absol",
      "stringLocationTypes": [
        "Grass"
      ],
      "minLevel": 5,
      "maxLevel": 50,
      "typeID": "pokemon",
      "condition": {
        "stringBiomes": [
          "pixelmon:ultra_crater"
        ]
      },
      "rarity": 90
    }
  ]
}