{
  "id": "Audino Grass",
  "spawnInfos": [
    {
      "spec": "species:Audino",
      "stringLocationTypes": [
        "Grass"
      ],
      "minLevel": 28,
      "maxLevel": 46,
      "typeID": "pokemon",
      "heldItems": [
        {
          "itemID": "pixelmon:sitrus_berry",
          "percentChance": 5
        },
        {
          "itemID": "pixelmon:oran_berry",
          "percentChance": 50
        }
      ],
      "condition": {
        "stringBiomes": [
          "pixelmon:ultra_forest"
        ]
      },
      "rarity": 30
    }
  ]
}