{
  "id": "Diglett Line Grass",
  "spawnInfos": [
    {
      "spec": "species:Diglett form:alolan",
      "stringLocationTypes": [
        "Grass"
      ],
      "minLevel": 10,
      "maxLevel": 26,
      "typeID": "pokemon",
      "heldItems": [
        {
          "itemID": "pixelmon:soft_sand",
          "percentChance": 5
        }
      ],
      "condition": {
        "times": [
          "NIGHT"
        ],
        "stringBiomes": [
          "arid",
          "mesas"
        ],
        "maxY": 70
      },
      "rarity": 40
    },
    {
      "spec": "species:Dugtrio form:alolan",
      "stringLocationTypes": [
        "Grass"
      ],
      "minLevel": 26,
      "maxLevel": 39,
      "typeID": "pokemon",
      "heldItems": [
        {
          "itemID": "pixelmon:soft_sand",
          "percentChance": 5
        }
      ],
      "condition": {
        "times": [
          "NIGHT"
        ],
        "stringBiomes": [
          "arid",
          "mesas"
        ],
        "maxY": 70
      },
      "rarity": 0.5
    }
  ]
}