{
  "id": "Heracross Grass",
  "spawnInfos": [
    {
      "spec": "species:Heracross",
      "stringLocationTypes": [
        "Grass"
      ],
      "minLevel": 10,
      "maxLevel": 60,
      "typeID": "pokemon",
      "condition": {
        "times": [
          "DAWN",
          "DUSK"
        ],
        "stringBiomes": [
          "taigas",
          "redwoods"
        ]
      },
      "rarity": 8
    },
    {
      "spec": "species:Heracross",
      "stringLocationTypes": [
        "Grass"
      ],
      "minLevel": 10,
      "maxLevel": 60,
      "typeID": "pokemon",
      "condition": {
        "stringBiomes": [
          "pixelmon:ultra_forest"
        ]
      },
      "rarity": 8
    }
  ]
}