{
  "id": "Kangaskhan Grass",
  "spawnInfos": [
    {
      "spec": "species:Kangaskhan",
      "stringLocationTypes": [
        "Grass"
      ],
      "minLevel": 25,
      "maxLevel": 50,
      "typeID": "pokemon",
      "condition": {
        "times": [
          "AFTERNOON"
        ],
        "stringBiomes": [
          "savannas"
        ]
      },
      "rarity": 8
    },
    {
      "spec": "species:Kangaskhan",
      "stringLocationTypes": [
        "Grass"
      ],
      "minLevel": 25,
      "maxLevel": 50,
      "typeID": "pokemon",
      "condition": {
        "stringBiomes": [
          "pixelmon:ultra_jungle"
        ]
      },
      "rarity": 8
    }
  ]
}