{
  "id": "Mawile Grass",
  "spawnInfos": [
    {
      "spec": "species:Mawile",
      "stringLocationTypes": [
        "Grass"
      ],
      "minLevel": 33,
      "maxLevel": 46,
      "typeID": "pokemon",
      "heldItems": [
        {
          "itemID": "pixelmon:iron_ball",
          "percentChance": 5
        }
      ],
      "condition": {
        "times": [
          "NIGHT"
        ],
        "stringBiomes": [
          "mountainous"
        ]
      },
      "rarity": 6
    },
    {
      "spec": "species:Mawile",
      "stringLocationTypes": [
        "Grass"
      ],
      "minLevel": 33,
      "maxLevel": 46,
      "typeID": "pokemon",
      "heldItems": [
        {
          "itemID": "pixelmon:iron_ball",
          "percentChance": 5
        }
      ],
      "condition": {
        "times": [
          "NIGHT"
        ],
        "stringBiomes": [
          "freezing mountains"
        ]
      },
      "rarity": 0.5
    },
    {
      "spec": "species:Mawile",
      "stringLocationTypes": [
        "Grass"
      ],
      "minLevel": 33,
      "maxLevel": 46,
      "typeID": "pokemon",
      "heldItems": [
        {
          "itemID": "pixelmon:iron_ball",
          "percentChance": 5
        }
      ],
      "condition": {
        "stringBiomes": [
          "pixelmon:ultra_deep_sea"
        ]
      },
      "rarity": 6
    }
  ]
}