{
  "id": "Meowth Line Grass",
  "spawnInfos": [
    {
      "spec": "species:Meowth form:alolan",
      "stringLocationTypes": [
        "Grass"
      ],
      "minLevel": 10,
      "maxLevel": 28,
      "typeID": "pokemon",
      "heldItems": [
        {
          "itemID": "pixelmon:quick_claw",
          "percentChance": 5
        }
      ],
      "condition": {
        "times": [
          "DUSK",
          "NIGHT"
        ],
        "stringBiomes": [
          "plains"
        ]
      },
      "rarity": 8
    },
    {
      "spec": "species:Persian form:alolan",
      "stringLocationTypes": [
        "Grass"
      ],
      "minLevel": 28,
      "maxLevel": 50,
      "typeID": "pokemon",
      "heldItems": [
        {
          "itemID": "pixelmon:quick_claw",
          "percentChance": 5
        }
      ],
      "condition": {
        "times": [
          "DUSK",
          "NIGHT"
        ],
        "stringBiomes": [
          "plains"
        ]
      },
      "rarity": 0.5
    }
  ]
}