{
  "id": "Pinsir Grass",
  "spawnInfos": [
    {
      "spec": "species:Pinsir",
      "stringLocationTypes": [
        "Grass"
      ],
      "minLevel": 10,
      "maxLevel": 50,
      "typeID": "pokemon",
      "condition": {
        "times": [
          "DAWN",
          "DUSK",
          "NIGHT"
        ],
        "stringBiomes": [
          "jungles",
          "magical"
        ]
      },
      "rarity": 8
    },
    {
      "spec": "species:Pinsir",
      "stringLocationTypes": [
        "Grass"
      ],
      "minLevel": 10,
      "maxLevel": 50,
      "typeID": "pokemon",
      "condition": {
        "stringBiomes": [
          "pixelmon:ultra_jungle"
        ]
      },
      "rarity": 8
    }
  ]
}