{
  "id": "Vulpix Line Grass",
  "spawnInfos": [
    {
      "spec": "species:Vulpix form:alolan",
      "stringLocationTypes": [
        "Grass"
      ],
      "minLevel": 10,
      "maxLevel": 19,
      "typeID": "pokemon",
      "heldItems": [
        {
          "itemID": "pixelmon:snowball",
          "percentChance": 5
        }
      ],
      "condition": {
        "times": [
          "DAY"
        ],
        "stringBiomes": [
          "freezing forests"
        ]
      },
      "rarity": 6
    },
    {
      "spec": "species:Ninetales form:alolan",
      "stringLocationTypes": [
        "Grass"
      ],
      "minLevel": 20,
      "maxLevel": 50,
      "typeID": "pokemon",
      "heldItems": [
        {
          "itemID": "pixelmon:snowball",
          "percentChance": 5
        }
      ],
      "condition": {
        "times": [
          "DAY"
        ],
        "stringBiomes": [
          "freezing forests"
        ]
      },
      "rarity": 0.1
    }
  ]
}