{
  "id": "Larvitar Line Caverock",
  "spawnInfos": [
    {
      "spec": "species:Larvitar",
      "stringLocationTypes": [
        "Cave Rock"
      ],
      "minLevel": 5,
      "maxLevel": 29,
      "typeID": "pokemon",
      "condition": {
        "stringBiomes": [
          "mountainous",
          "mesas"
        ]
      },
      "rarity": 7.0
    },
    {
      "spec": "species:Pupitar",
      "stringLocationTypes": [
        "Cave Rock"
      ],
      "minLevel": 30,
      "maxLevel": 54,
      "typeID": "pokemon",
      "condition": {
        "stringBiomes": [
          "mountainous",
          "mesas"
        ]
      },
      "rarity": 0.5
    }
  ]
}