{
  "id": "Diglett Line Rocksmash",
  "spawnInfos": [
    {
      "spec": "species:Diglett form:alolan",
      "stringLocationTypes": [
        "Rock Smash"
      ],
      "minLevel": 6,
      "maxLevel": 18,
      "typeID": "pokemon",
      "condition": {
        "stringBiomes": [
          "arid",
          "mesas"
        ]
      },
      "rarity": 40
    },
    {
      "spec": "species:Dugtrio form:alolan",
      "stringLocationTypes": [
        "Rock Smash"
      ],
      "minLevel": 18,
      "maxLevel": 33,
      "typeID": "pokemon",
      "condition": {
        "stringBiomes": [
          "arid",
          "mesas"
        ]
      },
      "rarity": 0.5
    }
  ]
}