{
  "id": "Geodude Line Rocksmash",
  "spawnInfos": [
    {
      "spec": "species:Geodude form:alolan",
      "stringLocationTypes": [
        "Rock Smash"
      ],
      "minLevel": 2,
      "maxLevel": 15,
      "typeID": "pokemon",
      "condition": {
        "stringBiomes": [
          "mountainous",
          "savannas",
          "freezing mountains"
        ]
      },
      "rarity": 50
    },
    {
      "spec": "species:Graveler form:alolan",
      "stringLocationTypes": [
        "Rock Smash"
      ],
      "minLevel": 18,
      "maxLevel": 33,
      "typeID": "pokemon",
      "heldItems": [
        {
          "itemID": "pixelmon:cell_battery",
          "percentChance": 5
        }
      ],
      "condition": {
        "stringBiomes": [
          "mountainous",
          "savannas",
          "freezing mountains"
        ]
      },
      "rarity": 5
    },
    {
      "spec": "species:Graveler form:alolan",
      "stringLocationTypes": [
        "Rock Smash"
      ],
      "minLevel": 18,
      "maxLevel": 33,
      "typeID": "pokemon",
      "heldItems": [
        {
          "itemID": "pixelmon:cell_battery",
          "percentChance": 5
        }
      ],
      "condition": {
        "stringBiomes": [
          "pixelmon:ultra_plant"
        ]
      },
      "rarity": 50
    },
    {
      "spec": "species:Golem form:alolan",
      "stringLocationTypes": [
        "Rock Smash"
      ],
      "minLevel": 40,
      "maxLevel": 55,
      "typeID": "pokemon",
      "heldItems": [
        {
          "itemID": "pixelmon:magnet",
          "percentChance": 5
        }
      ],
      "condition": {
        "stringBiomes": [
          "pixelmon:ultra_plant"
        ]
      },
      "rarity": 10
    }
  ]
}