{
  "id": "Diglett Forage",
  "spawnInfos": [
    {
      "spec": "species:Diglett",
      "stringLocationTypes": [
        "Forage"
      ],
      "minLevel": 10,
      "maxLevel": 26,
      "typeID": "pokemon",
      "heldItems": [
        {
          "itemID": "pixelmon:soft_sand",
          "percentChance": 5
        }
      ],
      "condition": {
        "stringBiomes": [
          "mesas"
        ]
      },
      "rarity": 10.0
    },
    {
      "spec": "species:Diglett form:alolan",
      "stringLocationTypes": [
        "Forage"
      ],
      "minLevel": 10,
      "maxLevel": 26,
      "typeID": "pokemon",
      "heldItems": [
        {
          "itemID": "pixelmon:soft_sand",
          "percentChance": 5
        }
      ],
      "condition": {
        "stringBiomes": [
          "mesas"
        ]
      },
      "rarity": 10.0
    }
  ]
}
