{
  "id": "Guzzlord",
  "spawnInfos": [
    {
      "spec": "species:Guzzlord",
      "stringLocationTypes": [
        "Land"
      ],
      "tags": [
        "legendary"
      ],
      "minLevel": 60,
      "maxLevel": 60,
      "typeID": "pokemon",
      "condition": {
        "stringBiomes": [
          "all forests",
          "swamps",
          "mountainous",
          "plains",
          "flowery",
          "evil",
          "jungles",
          "arid",
          "freezing"
        ]
      },
      "rarity": 1,
      "interval": "legendary"
    }
  ]
}