{
  "id": "Thundurus",
  "spawnInfos": [
    {
      "spec": "species:Thundurus level:70",
      "stringLocationTypes": [
        "Air"
      ],
      "tags": [
        "legendary"
      ],
      "interval": "legendary",
      "typeID": "pokemon",
      "condition": {
        "stringBiomes": [
          "pixelmon:ultra_forest"
        ]
      },
      "rarityMultipliers": [
        {
          "multiplier": 2,
          "condition": {
            "weathers": [
              "STORM"
            ]
          }
        }
      ],
      "rarity": 0.5
    }
  ]
}